-- phpMyAdmin SQL Dump
-- version 5.0.2
-- https://www.phpmyadmin.net/
--
-- Hôte : 127.0.0.1:3306
-- Généré le : mar. 28 mai 2024 à 10:44
-- Version du serveur :  8.0.21
-- Version de PHP : 7.3.21

SET SQL_MODE = "NO_AUTO_VALUE_ON_ZERO";
START TRANSACTION;
SET time_zone = "+00:00";


/*!40101 SET @OLD_CHARACTER_SET_CLIENT=@@CHARACTER_SET_CLIENT */;
/*!40101 SET @OLD_CHARACTER_SET_RESULTS=@@CHARACTER_SET_RESULTS */;
/*!40101 SET @OLD_COLLATION_CONNECTION=@@COLLATION_CONNECTION */;
/*!40101 SET NAMES utf8mb4 */;

--
-- Base de données : `qr`
--

-- --------------------------------------------------------

--
-- Structure de la table `ci_sessions`
--

DROP TABLE IF EXISTS `ci_sessions`;
CREATE TABLE IF NOT EXISTS `ci_sessions` (
  `id` varchar(128) NOT NULL,
  `ip_address` varchar(45) NOT NULL,
  `timestamp` int UNSIGNED NOT NULL DEFAULT '0',
  `data` blob NOT NULL,
  KEY `ci_sessions_timestamp_QR` (`timestamp`)
) ENGINE=InnoDB DEFAULT CHARSET=utf8;

--
-- Déchargement des données de la table `ci_sessions`
--

INSERT INTO `ci_sessions` (`id`, `ip_address`, `timestamp`, `data`) VALUES
('kg7cpu5s8hia2ne80qok4l3m46qh3pgv', '::1', 1716741127, 0x5f5f63695f6c6173745f726567656e65726174657c693a313731363734313132373b69647c733a313a2233223b757365726e616d657c733a353a227573657231223b70617373776f72647c733a343a2230303030223b61646d696e7c623a303b6163746976657c623a313b),
('j645ns5u148jka9dkifgj7ma379bncd0', '::1', 1716742084, 0x5f5f63695f6c6173745f726567656e65726174657c693a313731363734323038343b69647c733a313a2233223b757365726e616d657c733a353a227573657231223b70617373776f72647c733a343a2230303030223b61646d696e7c623a303b6163746976657c623a313b),
('alflg4kerg2s4f01j9mp6tsfvf95qrag', '::1', 1716741923, 0x5f5f63695f6c6173745f726567656e65726174657c693a313731363734313932333b69647c733a313a2231223b757365726e616d657c733a353a2261646d696e223b70617373776f72647c733a343a2230303030223b61646d696e7c623a313b6163746976657c623a313b),
('p7stk48o2g626p9v3p7m5kbdqss9efnh', '::1', 1716742225, 0x5f5f63695f6c6173745f726567656e65726174657c693a313731363734323232353b69647c733a313a2231223b757365726e616d657c733a353a2261646d696e223b70617373776f72647c733a343a2230303030223b61646d696e7c623a313b6163746976657c623a313b),
('p6lf3pfd9122isqmm3vjut93e0j09pqb', '::1', 1716747718, 0x5f5f63695f6c6173745f726567656e65726174657c693a313731363734373731383b69647c733a313a2233223b757365726e616d657c733a353a227573657231223b70617373776f72647c733a343a2230303030223b61646d696e7c623a303b6163746976657c623a313b),
('05nc3eeph2cp7crjatu71emcuffuevlj', '::1', 1716742605, 0x5f5f63695f6c6173745f726567656e65726174657c693a313731363734323630353b69647c733a313a2231223b757365726e616d657c733a353a2261646d696e223b70617373776f72647c733a343a2230303030223b61646d696e7c623a313b6163746976657c623a313b),
('7a5kn7cbrna54d2lv4q0jlf2kh3cq3eu', '::1', 1716743644, 0x5f5f63695f6c6173745f726567656e65726174657c693a313731363734333634343b69647c733a313a2231223b757365726e616d657c733a353a2261646d696e223b70617373776f72647c733a343a2230303030223b61646d696e7c623a313b6163746976657c623a313b),
('15s7il8ebk70stcb604a1oj5nture0k1', '::1', 1716746446, 0x5f5f63695f6c6173745f726567656e65726174657c693a313731363734363434363b69647c733a313a2231223b757365726e616d657c733a353a2261646d696e223b70617373776f72647c733a343a2230303030223b61646d696e7c623a313b6163746976657c623a313b),
('iklh8j10463ark4nh58lqres73t44qee', '::1', 1716747229, 0x5f5f63695f6c6173745f726567656e65726174657c693a313731363734373232393b69647c733a313a2231223b757365726e616d657c733a353a2261646d696e223b70617373776f72647c733a343a2230303030223b61646d696e7c623a313b6163746976657c623a313b),
('jdgr046asnupf8bm7cm3hp2lvbd3ed3p', '::1', 1716747540, 0x5f5f63695f6c6173745f726567656e65726174657c693a313731363734373534303b69647c733a313a2231223b757365726e616d657c733a353a2261646d696e223b70617373776f72647c733a343a2230303030223b61646d696e7c623a313b6163746976657c623a313b),
('sk9kjokj85qiqje4q66obtm6p08lbs4j', '::1', 1716747870, 0x5f5f63695f6c6173745f726567656e65726174657c693a313731363734373837303b69647c733a313a2231223b757365726e616d657c733a353a2261646d696e223b70617373776f72647c733a343a2230303030223b61646d696e7c623a313b6163746976657c623a313b),
('sct8dqtu7a2odmpdjlolldd171tiub8s', '::1', 1716748406, 0x5f5f63695f6c6173745f726567656e65726174657c693a313731363734383430363b69647c733a313a2233223b757365726e616d657c733a353a227573657231223b70617373776f72647c733a343a2230303030223b61646d696e7c623a303b6163746976657c623a313b),
('cqt1d7ko4outorn13vq2qn807rhfgs55', '::1', 1716748234, 0x5f5f63695f6c6173745f726567656e65726174657c693a313731363734383233343b69647c733a313a2231223b757365726e616d657c733a353a2261646d696e223b70617373776f72647c733a343a2230303030223b61646d696e7c623a313b6163746976657c623a313b),
('61f0lv7jt67rejkttoei6md1imro2b7a', '::1', 1716748611, 0x5f5f63695f6c6173745f726567656e65726174657c693a313731363734383631313b69647c733a313a2231223b757365726e616d657c733a353a2261646d696e223b70617373776f72647c733a343a2230303030223b61646d696e7c623a313b6163746976657c623a313b),
('69q52i4d85u1mgrlfhdng7m5p6rmlmmv', '::1', 1716749092, 0x5f5f63695f6c6173745f726567656e65726174657c693a313731363734393039323b69647c733a313a2233223b757365726e616d657c733a353a227573657231223b70617373776f72647c733a343a2230303030223b61646d696e7c623a303b6163746976657c623a313b),
('daum8a3kiqb8m57sorb6aj6gslr5q2rp', '::1', 1716749104, 0x5f5f63695f6c6173745f726567656e65726174657c693a313731363734393130343b69647c733a313a2231223b757365726e616d657c733a353a2261646d696e223b70617373776f72647c733a343a2230303030223b61646d696e7c623a313b6163746976657c623a313b),
('toee64kgmfep0chq7q0sdv2fek7729us', '::1', 1716748882, 0x5f5f63695f6c6173745f726567656e65726174657c693a313731363734383738313b69647c733a313a2233223b757365726e616d657c733a353a227573657231223b70617373776f72647c733a343a2230303030223b61646d696e7c623a303b6163746976657c623a313b6d657373616765496e737c733a3131353a22d8aad98520d8a7d8b1d8b3d8a7d98420d8b4d987d8a7d8afd8a920d984d984d8b7d8a7d984d8a820d8b9d8a8d8b120d8a7d984d8a8d8b1d98ad8af20d8a7d984d8a7d984d983d8aad8b1d988d986d98a20d88c2020d8aad98520d8a7d984d8aad8b3d8acd98ad98420d8a8d986d8acd8a7d8ad223b5f5f63695f766172737c613a313a7b733a31303a226d657373616765496e73223b733a333a226f6c64223b7d),
('ikro75r7210jd1op8emlsg5rkqckbnik', '::1', 1716749465, 0x5f5f63695f6c6173745f726567656e65726174657c693a313731363734393436353b69647c733a313a2233223b757365726e616d657c733a353a227573657231223b70617373776f72647c733a343a2230303030223b61646d696e7c623a303b6163746976657c623a313b),
('4p935jni2vtb05bkecqr5v3vjcejuu34', '::1', 1716750208, 0x5f5f63695f6c6173745f726567656e65726174657c693a313731363735303230383b69647c733a313a2231223b757365726e616d657c733a353a2261646d696e223b70617373776f72647c733a343a2230303030223b61646d696e7c623a313b6163746976657c623a313b),
('2i76gj9vq193abuggsu61mm9rqh5v03u', '::1', 1716749621, 0x5f5f63695f6c6173745f726567656e65726174657c693a313731363734393436353b69647c733a313a2233223b757365726e616d657c733a353a227573657231223b70617373776f72647c733a343a2230303030223b61646d696e7c623a303b6163746976657c623a313b),
('8fem7ij6f3otbcqj2rfqnbnkr737ul0a', '::1', 1716750624, 0x5f5f63695f6c6173745f726567656e65726174657c693a313731363735303632343b69647c733a313a2231223b757365726e616d657c733a353a2261646d696e223b70617373776f72647c733a343a2230303030223b61646d696e7c623a313b6163746976657c623a313b),
('kbm5h6lkolfhghsple88lci6p82l5cls', '::1', 1716751043, 0x5f5f63695f6c6173745f726567656e65726174657c693a313731363735313034333b69647c733a313a2231223b757365726e616d657c733a353a2261646d696e223b70617373776f72647c733a343a2230303030223b61646d696e7c623a313b6163746976657c623a313b),
('2otk167tf5hcvv5d3i0cbjf2t6e0l3u0', '::1', 1716757042, 0x5f5f63695f6c6173745f726567656e65726174657c693a313731363735373034323b69647c733a313a2231223b757365726e616d657c733a353a2261646d696e223b70617373776f72647c733a343a2230303030223b61646d696e7c623a313b6163746976657c623a313b73656d4d73677c733a33303a22d8aed8b7d8a320d981d98a20d8a7d984d985d8b9d984d988d985d8a7d8aa223b5f5f63695f766172737c613a313a7b733a363a2273656d4d7367223b733a333a226f6c64223b7d),
('eotmfa97c4r65s60kfljf9af6a432lpe', '::1', 1716762248, 0x5f5f63695f6c6173745f726567656e65726174657c693a313731363736323234383b69647c733a313a2231223b757365726e616d657c733a353a2261646d696e223b70617373776f72647c733a343a2230303030223b61646d696e7c623a313b6163746976657c623a313b),
('nvkcqgeibik6ju794djpugq8plqsq3mo', '::1', 1716762454, 0x5f5f63695f6c6173745f726567656e65726174657c693a313731363736323435343b69647c733a313a2233223b757365726e616d657c733a353a227573657231223b70617373776f72647c733a343a2230303030223b61646d696e7c623a303b6163746976657c623a313b),
('bq6t85ob0cth6h01ln57dj3om71p2e32', '::1', 1716763004, 0x5f5f63695f6c6173745f726567656e65726174657c693a313731363736333030343b69647c733a313a2231223b757365726e616d657c733a353a2261646d696e223b70617373776f72647c733a343a2230303030223b61646d696e7c623a313b6163746976657c623a313b),
('m0hkv8tsaiuiaaj11t347hvc973vkqjv', '::1', 1716768821, 0x5f5f63695f6c6173745f726567656e65726174657c693a313731363736323435343b69647c733a313a2233223b757365726e616d657c733a353a227573657231223b70617373776f72647c733a343a2230303030223b61646d696e7c623a303b6163746976657c623a313b),
('qm4sfap7uolsdnu6a8rnehv6fi91pga8', '::1', 1716768579, 0x5f5f63695f6c6173745f726567656e65726174657c693a313731363736383537393b69647c733a313a2231223b757365726e616d657c733a353a2261646d696e223b70617373776f72647c733a343a2230303030223b61646d696e7c623a313b6163746976657c623a313b),
('ksu0ed0f720a65a8umj6k7s88kbbehb4', '::1', 1716768703, 0x5f5f63695f6c6173745f726567656e65726174657c693a313731363736383537393b69647c733a313a2231223b757365726e616d657c733a353a2261646d696e223b70617373776f72647c733a343a2230303030223b61646d696e7c623a313b6163746976657c623a313b),
('o9p2vgraca3vu00mkpa1f8shtap76kct', '::1', 1716801373, 0x5f5f63695f6c6173745f726567656e65726174657c693a313731363830313337333b69647c733a313a2231223b757365726e616d657c733a353a2261646d696e223b70617373776f72647c733a343a2230303030223b61646d696e7c623a313b6163746976657c623a313b),
('9iukdcfapppsuq741tlth3eoqfv0qvap', '::1', 1716801406, 0x5f5f63695f6c6173745f726567656e65726174657c693a313731363830313430363b69647c733a313a2233223b757365726e616d657c733a353a227573657231223b70617373776f72647c733a343a2230303030223b61646d696e7c623a303b6163746976657c623a313b),
('heefbb6e1fsmo6kg8911kkneu22rhfmb', '::1', 1716801708, 0x5f5f63695f6c6173745f726567656e65726174657c693a313731363830313730383b69647c733a313a2231223b757365726e616d657c733a353a2261646d696e223b70617373776f72647c733a343a2230303030223b61646d696e7c623a313b6163746976657c623a313b),
('cvqan78jdj0nluk4ikjiu45psems1dka', '::1', 1716806265, 0x5f5f63695f6c6173745f726567656e65726174657c693a313731363830363236353b69647c733a313a2233223b757365726e616d657c733a353a227573657231223b70617373776f72647c733a343a2230303030223b61646d696e7c623a303b6163746976657c623a313b),
('p71c6s1sl91e7okek4ktf96h3i667t0g', '::1', 1716802014, 0x5f5f63695f6c6173745f726567656e65726174657c693a313731363830323031343b69647c733a313a2231223b757365726e616d657c733a353a2261646d696e223b70617373776f72647c733a343a2230303030223b61646d696e7c623a313b6163746976657c623a313b),
('2lden8n3jo4m474msfu53olspn910rrp', '::1', 1716802434, 0x5f5f63695f6c6173745f726567656e65726174657c693a313731363830323433343b69647c733a313a2231223b757365726e616d657c733a353a2261646d696e223b70617373776f72647c733a343a2230303030223b61646d696e7c623a313b6163746976657c623a313b),
('p95ne6mjbpl1si6oj0ju5j4kf53bvcjc', '::1', 1716802864, 0x5f5f63695f6c6173745f726567656e65726174657c693a313731363830323836343b69647c733a313a2231223b757365726e616d657c733a353a2261646d696e223b70617373776f72647c733a343a2230303030223b61646d696e7c623a313b6163746976657c623a313b),
('tf44bdqh0hqi93tjr3kq23gcg0t1jukb', '::1', 1716806278, 0x5f5f63695f6c6173745f726567656e65726174657c693a313731363830363237383b69647c733a313a2231223b757365726e616d657c733a353a2261646d696e223b70617373776f72647c733a343a2230303030223b61646d696e7c623a313b6163746976657c623a313b),
('cfl94d5hnealnog163lr3b95o4lha7f3', '::1', 1716806269, 0x5f5f63695f6c6173745f726567656e65726174657c693a313731363830363236353b69647c733a313a2233223b757365726e616d657c733a353a227573657231223b70617373776f72647c733a343a2230303030223b61646d696e7c623a303b6163746976657c623a313b),
('i1qfn04t6qi3k3muhc5bstsdfp22bihd', '::1', 1716806291, 0x5f5f63695f6c6173745f726567656e65726174657c693a313731363830363237383b69647c733a313a2231223b757365726e616d657c733a353a2261646d696e223b70617373776f72647c733a343a2230303030223b61646d696e7c623a313b6163746976657c623a313b),
('la9rt8u2vgoflsug0ttr78dar22boscb', '::1', 1716815920, 0x5f5f63695f6c6173745f726567656e65726174657c693a313731363831353932303b69647c733a313a2233223b757365726e616d657c733a353a227573657231223b70617373776f72647c733a343a2230303030223b61646d696e7c623a303b6163746976657c623a313b),
('82ta54nuge3snfatcm6u8at7e1t5kneb', '::1', 1716817747, 0x5f5f63695f6c6173745f726567656e65726174657c693a313731363831373734373b69647c733a313a2231223b757365726e616d657c733a353a2261646d696e223b70617373776f72647c733a343a2230303030223b61646d696e7c623a313b6163746976657c623a313b6d6573736167657c733a32393a22d8aad98520d8aad8b3d8acd98ad98420d8a7d984d8afd8aed988d98420223b5f5f63695f766172737c613a313a7b733a373a226d657373616765223b733a333a226f6c64223b7d),
('luenv5in5eb0m57tol658u6ff81hdqs1', '::1', 1716821238, 0x5f5f63695f6c6173745f726567656e65726174657c693a313731363832313233383b69647c733a313a2233223b757365726e616d657c733a353a227573657231223b70617373776f72647c733a343a2230303030223b61646d696e7c623a303b6163746976657c623a313b),
('66c5j7dq9e7icutnsv54tbbnutbl9gd1', '::1', 1716821362, 0x5f5f63695f6c6173745f726567656e65726174657c693a313731363832313336323b69647c733a313a2231223b757365726e616d657c733a353a2261646d696e223b70617373776f72647c733a343a2230303030223b61646d696e7c623a313b6163746976657c623a313b),
('08csb63f231mv607e8a3cu0smvbp624a', '::1', 1716821263, 0x5f5f63695f6c6173745f726567656e65726174657c693a313731363832313233383b69647c733a313a2233223b757365726e616d657c733a353a227573657231223b70617373776f72647c733a343a2230303030223b61646d696e7c623a303b6163746976657c623a313b),
('8uivhn3vsdu9pqa5q4fej8v10coff8op', '::1', 1716821717, 0x5f5f63695f6c6173745f726567656e65726174657c693a313731363832313731373b69647c733a313a2231223b757365726e616d657c733a353a2261646d696e223b70617373776f72647c733a343a2230303030223b61646d696e7c623a313b6163746976657c623a313b),
('n2ug7vir5p84b4h2mc7qi5h1kugk2o09', '::1', 1716822062, 0x5f5f63695f6c6173745f726567656e65726174657c693a313731363832323036323b69647c733a313a2231223b757365726e616d657c733a353a2261646d696e223b70617373776f72647c733a343a2230303030223b61646d696e7c623a313b6163746976657c623a313b),
('m3558d9hdfk9diccn87bls2uo2sg6ur4', '::1', 1716822291, 0x5f5f63695f6c6173745f726567656e65726174657c693a313731363832323036323b69647c733a313a2231223b757365726e616d657c733a353a2261646d696e223b70617373776f72647c733a343a2230303030223b61646d696e7c623a313b6163746976657c623a313b7468656d657c733a353a226c69676874223b),
('bdp7cb2q5494up13n2k0bvlr09kqsd1j', '::1', 1716887677, 0x5f5f63695f6c6173745f726567656e65726174657c693a313731363838373532373b69647c733a313a2231223b757365726e616d657c733a353a2261646d696e223b70617373776f72647c733a343a2230303030223b61646d696e7c623a313b6163746976657c623a313b),
('b94ni01pcu9147ef76uhn77j0l9nn70r', '::1', 1716887747, 0x5f5f63695f6c6173745f726567656e65726174657c693a313731363838373733363b69647c733a313a2233223b757365726e616d657c733a353a227573657231223b70617373776f72647c733a343a2230303030223b61646d696e7c623a303b6163746976657c623a313b6d6573736167657c733a32393a22d8aad98520d8aad8b3d8acd98ad98420d8a7d984d8afd8aed988d98420223b5f5f63695f766172737c613a313a7b733a373a226d657373616765223b733a333a226e6577223b7d);

-- --------------------------------------------------------

--
-- Structure de la table `inscrit`
--

DROP TABLE IF EXISTS `inscrit`;
CREATE TABLE IF NOT EXISTS `inscrit` (
  `id` int NOT NULL AUTO_INCREMENT,
  `name` varchar(255) NOT NULL,
  `date` datetime DEFAULT CURRENT_TIMESTAMP,
  `idSeminar` int NOT NULL,
  `CIN` varchar(50) NOT NULL,
  `CNE` varchar(50) NOT NULL,
  `email` varchar(320) NOT NULL,
  PRIMARY KEY (`id`),
  KEY `fk_inscrit_seminar` (`idSeminar`)
) ENGINE=InnoDB AUTO_INCREMENT=31 DEFAULT CHARSET=utf8;

--
-- Déchargement des données de la table `inscrit`
--

INSERT INTO `inscrit` (`id`, `name`, `date`, `idSeminar`, `CIN`, `CNE`, `email`) VALUES
(1, 'حنان ايت الحاج', '2024-05-21 13:12:31', 4, 'C123', 'N12342024', 'facultechariaafes@gmail.com'),
(2, 'حنان ايت الحاج', '2024-05-21 13:23:37', 1, 'C123', 'N222324', 'hanane.aitlhaj03@gmail.com'),
(3, 'وئام بوحاج', '2024-05-22 10:52:50', 1, 'C123', 'N321', 'wiam.shail@gmail.com'),
(4, 'سلمى', '2024-05-22 11:27:23', 1, 'D12', 'N123', 'hanane.aitlhaj03@gmail.com'),
(21, 'سعاد', '2024-05-22 12:13:25', 2, 'D12', 'N123', 'hanane.aitlhaj03@gmail.com'),
(24, 'دعاء', '2024-05-22 13:45:00', 1, 'C123', 'N1234', 'hanane.aitlhaj03@gmail.com'),
(25, 'شيماء', '2024-05-22 13:56:31', 1, 'C321', 'M321', 'hanane.aitlhaj03@gmail.com'),
(26, 'TEST', '2024-05-24 11:34:15', 12, 'TEST', 'TEST', 'TEST@TEST.F'),
(27, 'testajoutuser1', '2024-05-26 19:36:36', 12, 'F', 'F', 'test@test.test'),
(28, 'testajoutuser1', '2024-05-26 19:38:16', 12, 'F', 'F', 'test@test.test'),
(29, 'f', '2024-05-26 19:39:41', 2, 'F', 'F', 'test@test.test'),
(30, 'testajoutuser1', '2024-05-26 19:39:41', 12, 'F', 'F', 'test@test.test');

-- --------------------------------------------------------

--
-- Structure de la table `seminar`
--

DROP TABLE IF EXISTS `seminar`;
CREATE TABLE IF NOT EXISTS `seminar` (
  `idSeminar` int NOT NULL AUTO_INCREMENT,
  `titre` varchar(255) NOT NULL,
  `type` varchar(255) NOT NULL,
  `personCertifie` varchar(255) NOT NULL,
  `organisateur` varchar(255) NOT NULL,
  `personSign` varchar(255) NOT NULL,
  `imageUrl` varchar(255) NOT NULL,
  `date` datetime DEFAULT NULL,
  PRIMARY KEY (`idSeminar`)
) ENGINE=InnoDB AUTO_INCREMENT=14 DEFAULT CHARSET=utf8;

--
-- Déchargement des données de la table `seminar`
--

INSERT INTO `seminar` (`idSeminar`, `titre`, `type`, `personCertifie`, `organisateur`, `personSign`, `imageUrl`, `date`) VALUES
(1, 'موضوع الندوة1', 'تقديرية', 'عميد كلية الشريعة بفاس', 'المنظم1', 'العميد', 'plugins/img/sign.png', '2024-05-15 12:12:12'),
(2, 'موضوع الندوة2', 'تقديرية', 'عميد كلية الشريعة بفاس', 'المنظم2', 'العميد', 'plugins/img/logo.png', '2024-06-16 12:12:12'),
(3, 'موضوع الندوة3', 'تقديرية', 'عميد كلية الشريعة بفاس', 'المنظم3', 'العميد', 'plugins/img/logo1.png', '2024-07-17 12:12:12'),
(4, 'test', 'test', 'test', 'test', 'test', 'plugins/img/sign.png', '2024-05-17 12:39:00'),
(5, 'موضوع الندوة2', 'تقديرية', 'عميد كلية الشريعة بفاس', 'المنظم2', 'العميد', 'plugins/img/logo2.png', '2024-06-16 12:12:00'),
(6, 'موضوع الندوة3', 'تقديرية', 'عميد كلية الشريعة بفاس', 'المنظم3', 'العميد', 'plugins/img/profil.png', '2024-07-17 12:12:00'),
(7, 'موضوع الندوة4', 'تقديرية', 'عميد كلية الشريعة بفاس', 'المنظم4', 'العميد', 'plugins/img/unnamed.png', '2024-05-07 13:03:00'),
(8, 'kk', 'k', 'l', 'k', 'l', 'plugins/img/sign.png', '2024-05-01 12:41:00'),
(12, 'testImageUpload', 'testImageUpload', 'testImageUpload', 'testImageUpload', 'testImageUpload', 'plugins/img/qr15.png', '2024-05-20 14:07:00'),
(13, 'ندوة123', 'تقديرية', 'عميد كلية الشريعة بفاس', 'المنظم3', 'العميد', 'plugins/img/bg1.png', '2024-05-21 01:16:00');

-- --------------------------------------------------------

--
-- Structure de la table `unique_keys`
--

DROP TABLE IF EXISTS `unique_keys`;
CREATE TABLE IF NOT EXISTS `unique_keys` (
  `id` int NOT NULL AUTO_INCREMENT,
  `unique_key` varchar(255) NOT NULL,
  PRIMARY KEY (`id`),
  UNIQUE KEY `unique_key` (`unique_key`)
) ENGINE=InnoDB AUTO_INCREMENT=1370 DEFAULT CHARSET=utf8;

--
-- Déchargement des données de la table `unique_keys`
--

INSERT INTO `unique_keys` (`id`, `unique_key`) VALUES
(986, '1001532328664fdaf5aeefc2.40586170'),
(560, '1001648642664f148c758279.52916347'),
(1194, '1002777333665074dad9eba2.12135286'),
(1091, '10030696946650627a059639.58811747'),
(1083, '100310986566506099e6d441.87091563'),
(791, '10033795664fc6f3751a33.53561672'),
(606, '1008441891664f57c46413d9.56710577'),
(810, '1011266439664fc844319701.83202416'),
(1147, '101571127966506ba2d6a7a4.82132829'),
(367, '1015751182664df3756b66a1.46518737'),
(890, '1016697712664fd671998213.05479336'),
(1107, '1016724738665064d1d104d3.24569300'),
(997, '1018312809664fdb493106e6.61658060'),
(1343, '1019420787665104e9c74bd0.05328105'),
(481, '1020211315664f0875efebe9.17958056'),
(1333, '10212378686651028b29fc28.93918275'),
(1002, '1022264601664fdb6ac339a0.47141463'),
(378, '1023867977664df44d6bbc25.62299195'),
(343, '1025301264664df2813d5be3.06633770'),
(489, '1027352621664f0a912dac43.80537055'),
(722, '1028549648664fc450c38603.40312241'),
(1058, '102909333166505af1d057a7.47195784'),
(924, '1029434987664fd8979d29b2.51767348'),
(919, '1032198874664fd8652a2ea9.96028222'),
(1295, '10341756296650f9a3327109.59416176'),
(1008, '1034633863664fdc780d3e32.12950071'),
(293, '1035376115664deccdc92dc1.13732789'),
(943, '1036352418664fd9481b7474.19601764'),
(819, '1038905536664fc896ae34e8.53350705'),
(500, '1044309607664f0b4e973229.35053570'),
(557, '1044766183664f13d87a3ef5.14612396'),
(1203, '104939387466507606c69739.67750490'),
(567, '1051447983664f16306ae6c9.47531432'),
(459, '105592142664e0240d5ec64.78110421'),
(289, '105621958664debdd5b0439.65202870'),
(721, '1056637420664fc446bdf139.60516466'),
(1007, '1056816017664fdc6e0c2949.36746896'),
(933, '1057899901664fd8e3969e62.34810563'),
(450, '1058196226664e01e6d196b3.35350391'),
(764, '1058221160664fc5e2a56475.68225000'),
(1089, '105845181166506201d96a37.87325315'),
(978, '1060747358664fdaabc5e916.97276171'),
(1291, '10617569596650f8b33c73f4.42944326'),
(696, '1062111263664fc3586508f0.41436254'),
(1342, '1062275829665104a736a6a0.15855423'),
(475, '1063040276664f083c3f1aa5.16347698'),
(735, '1063547651664fc4b8a2cfe0.36583064'),
(446, '1064754682664e01becfe982.18097224'),
(467, '1067803139664f07ea3658f2.76308897'),
(33, '1069307768664c8da2281cb1.35044438'),
(813, '1069791481664fc85a2e2d00.38727974'),
(369, '1070032192664df385574719.82745038'),
(298, '1070386944664dedf961bdb6.08957644'),
(603, '1073465518664f57a5c7c7a6.11676889'),
(1066, '107580793466505c9dd4f4f5.87532117'),
(1335, '10796618736651030384fdc7.69560837'),
(200, '1082584609664dda496192f0.75634382'),
(253, '1082703251664de36d5b06b0.49098953'),
(695, '1082770534664fc3565d7797.15167978'),
(1200, '1084054032665075eebb13d4.69408951'),
(649, '1085415292664fbe7d544101.94292727'),
(1329, '10857734856651019b320682.63268467'),
(566, '1086217758664f15f4649624.01727449'),
(472, '1087340141664f081c0a0c23.95500008'),
(284, '1087509043664deab1be2685.49543117'),
(281, '10884031664de9fd5d61c5.88567351'),
(598, '1090218779664f4586c92be9.50800619'),
(667, '1090912781664fc233c83794.15017922'),
(172, '1092320655664dd3415b5c15.29506862'),
(1359, '1093859153665108a3311197.72898082'),
(82, '1095208015664dc0305f7900.80286036'),
(1207, '109564446366507665ccb683.17315022'),
(14, '10958162496648efd8dff815.40662887'),
(10, '10958627726648efb11538d8.30968574'),
(204, '1100340936664dda705874a7.74262430'),
(150, '1101478123664dce19591190.69115075'),
(580, '1102192731664f4445294fc3.64406008'),
(847, '1102650640664fc99b3e0488.54421192'),
(682, '1102874982664fc2b0998b14.31021155'),
(114, '1103711003664dc5ee581547.00800063'),
(907, '1105573628664fd7ed225985.31951507'),
(227, '1107038700664ddd555cf754.86159006'),
(607, '1108062483664f57ce6537a8.33658149'),
(1292, '11097982906650f8ef31a608.98536465'),
(247, '1110329067664de2055929c7.44298793'),
(444, '1114078673664e01aacca256.05497919'),
(1177, '1117243004665071f8466b94.85941350'),
(776, '1119619880664fc66b378cd2.51040097'),
(443, '111987297664e01a0c39719.64576588'),
(1049, '1120398050664fde380f9b71.69042840'),
(1144, '112268742266506b84cf5850.99769167'),
(395, '112292581664dfd7f0fc983.97650498'),
(962, '1125736532664fda238ada71.59583848'),
(730, '1125810585664fc4919e61d4.90095737'),
(619, '1127403152664f5838b0ab41.17934572'),
(356, '1128798615664df3033c81f1.58558246'),
(302, '1129144935664dee845aa016.76820240'),
(921, '1129677024664fd87994b7d3.47188110'),
(1279, '11301576386650f7ff3d72a6.81845949'),
(889, '1130600382664fd667989e58.31185318'),
(230, '1133052338664dde095c1b50.96486186'),
(752, '1134381971664fc587c65440.53408660'),
(1250, '11344349556650807c239263.24831693'),
(551, '1135493968664f1270597b75.23118666'),
(714, '1136605244664fc400c6d144.35096553'),
(817, '1137047673664fc88246be50.82832427'),
(680, '1137637543664fc29e6c7594.51431553'),
(149, '1138744171664dcddd57c1c3.12656672'),
(186, '1138811783664dd6c55ad2a5.48016416'),
(1044, '113920477664fde0ebc4b15.38941068'),
(892, '1139205913664fd686a39375.80431090'),
(614, '1140367603664f5813c2c9a7.42008318'),
(322, '114060102664df06e5fcb26.08622277'),
(451, '1143050338664e01f0c76787.90982755'),
(970, '1143777332664fda679be3d3.17447841'),
(242, '1146913112664de0d95a3a65.17523512'),
(1347, '1147215857665105d3364362.81269734'),
(884, '1148512464664fd0009f5e78.65846637'),
(659, '1149469902664fbee3931f54.38534059'),
(911, '1152022981664fd815252646.93666369'),
(1130, '115204903766506904dbe5b8.81695916'),
(53, '1152248946664c95ba05a822.14784579'),
(1027, '1156196631664fdd18d04ef0.28947143'),
(1129, '1156911962665068fb0bb461.18498580'),
(876, '1157021065664fce209cfaf2.72507056'),
(994, '1158616151664fdb35034b92.54951360'),
(1252, '1159222732665080f1e0dd47.46268204'),
(207, '1161882294664dda8e565466.69108606'),
(402, '116376428664dfdc41db619.04783937'),
(1015, '1164622691664fdcb64e1d51.23897623'),
(1183, '1169416076650735a275407.93374730'),
(1159, '11696900766506db9dcb8d1.03283917'),
(1303, '11705648466650fb8332ad49.73887683'),
(213, '1171134483664ddbed5a7fa5.42516435'),
(1166, '117308398866506f5de065e1.37658952'),
(70, '1174696848664cb0cb375926.11554314'),
(1096, '117517716166506307d18839.55983739'),
(2, '11756730266648ef6311ff25.08768739'),
(36, '1175928789664c933d00e409.98323762'),
(1004, '1177875026664fdc500c6f06.79589062'),
(268, '1178498379664de6f15aadb0.03065440'),
(801, '1178899063664fc75093b945.38291679'),
(130, '117906009664dc969562f14.09364295'),
(482, '118195541664f08852b8b15.45203599'),
(766, '1182028052664fc5f6988500.36781381'),
(1055, '118202850766505acd480789.05708609'),
(1213, '1185847178665077ce2d0043.78568031'),
(655, '1186036358664fbeb76d0470.21925909'),
(184, '11860977664dd64d6888e6.12980906'),
(646, '1186892762664fbe37af3fa4.90525736'),
(771, '1187497531664fc63eabdae9.35402257'),
(661, '1190937537664fbeebc64df3.59876650'),
(121, '1193450189664dc74d5cc492.82521480'),
(1341, '11935562156651046b3658e9.64936407'),
(724, '1194204312664fc462026778.46335186'),
(1139, '119528298566506ae9d6e114.48483248'),
(203, '1197691794664dda6659eaa0.18531911'),
(1309, '11983097476650fceb312d68.28087955'),
(1276, '11984657496650f7e04a55c1.69024287'),
(1185, '1200331491665073d1f251f6.87322503'),
(531, '1201715226664f0dea703b74.30044862'),
(1109, '12025335466506549d4fff0.34948357'),
(365, '1202668788664df35d5a3cc8.24702380'),
(226, '1202737677664ddd1857d768.30508713'),
(645, '1207278899664fbdfba94c34.95190597'),
(264, '1208590482664de6015a95f5.46297668'),
(152, '1209322803664dce9159a010.98069074'),
(4, '1210645106648ef74e50585.63804614'),
(605, '121490435664f57ba5b35a1.98731294'),
(183, '1216613871664dd611632f88.55206855'),
(1223, '121737791366507a25dd8a42.46429396'),
(1099, '121773837366506325d59914.91196610'),
(510, '122096727664f0d187bab21.87118965'),
(319, '1224109064664df0508a38e6.12834338'),
(654, '1224543090664fbead654873.53033745'),
(1120, '12256141676650689a978500.00853205'),
(729, '1226490471664fc486d33879.39350307'),
(103, '122766228664dc47d5c4a63.23774187'),
(483, '1228044779664f088e497697.05945282'),
(330, '122934630664df1e155fb60.57646181'),
(1321, '12317271426650ffbb2fc170.16821600'),
(1122, '1231980502665068a81dbd96.35057204'),
(398, '1234581043664dfd9dd6fd39.40446944'),
(265, '1235215684664de63d5aa903.23899851'),
(1219, '123539369966507935d1a360.35786588'),
(1264, '1235878036650839bd26c10.56345994'),
(823, '1236710776664fc8d98641e4.53271510'),
(137, '1241370692664dcb0d5b7719.57999361'),
(340, '1241660456664df2633cb299.24937304'),
(875, '124207665664fcde499a359.99635163'),
(651, '1245085700664fbe90eccce4.90794091'),
(862, '1246919861664fcad8be5a32.76768669'),
(361, '1248453758664df335589761.78975405'),
(1267, '12495108736650f77af26a20.73487651'),
(955, '1250906511664fd9dd740781.49966457'),
(1247, '125091976166507fc5e89583.80910583'),
(80, '1251101652664dc020097859.34551733'),
(918, '125127930664fd85b278bf7.77596191'),
(944, '1252325669664fd951961bc6.51733634'),
(1196, '1253569665074fdce2b49.20693175'),
(197, '1254345638664dd959676699.41044139'),
(113, '125719580664dc5e45c3872.38121081'),
(209, '1257820101664ddafd6013d7.68086609'),
(18, '1262707904664c85a48c52b0.75990473'),
(1187, '126493944666507449de1cf8.92813001'),
(42, '1268127232664c93a30ef278.46315190'),
(973, '1269710245664fda7b862ae3.11401293'),
(949, '1271270093664fd9a1937527.39565003'),
(525, '1278073468664f0dae77d342.34739013'),
(491, '127933730664f0afa626180.20818451'),
(351, '1279668147664df2d13c4151.39853998'),
(1357, '12824605456651082b335a82.09302573'),
(975, '1286518866664fda8f8d29a6.88127736'),
(1047, '1287318808664fde2645edb6.09077281'),
(1253, '12877351056650812dde3bc6.84497372'),
(1080, '12891656066505fe5dd8bf2.94821567'),
(832, '129229501664fc92005b249.81258212'),
(707, '1295350748664fc3be9b6919.59833932'),
(1009, '1295594833664fdc82135890.70321376'),
(146, '1298327972664dcd295cbbf2.55890847'),
(71, '1298656881664cb0cfee2a84.48941782'),
(436, '1303427305664e00ef3cd5c2.81812461'),
(706, '1305097732664fc3bc6bd399.66018845'),
(524, '1306963446664f0da474e8c1.22301580'),
(1014, '1307833195664fdcac26f545.84891234'),
(56, '131020651664c966e1b7e97.15543726'),
(345, '1310637141664df2953d4895.91581475'),
(50, '1312033538664c950626c238.58649569'),
(12, '13121661926648efc4e23748.37147004'),
(1, '13138572836646898adf1755.62336151'),
(1093, '1314876630665062f1c5ed66.44066903'),
(25, '1314894878664c885d1481e3.87181437'),
(925, '1315569822664fd8a191af08.33204878'),
(930, '1323124946664fd8c78ce395.15365000'),
(529, '1323145613664f0dd69fbc05.83133833'),
(1121, '13250580376650689bbee140.55039427'),
(390, '1325463432664dfd4d0cdb93.49537506'),
(795, '1327327544664fc70e8397a2.12074890'),
(58, '132736983664cb025847362.48697230'),
(272, '1327520052664de7e159f002.36728161'),
(860, '1328078469664fca6098e9b0.62858791'),
(1235, '132824847466507cf60e54d4.53667050'),
(558, '1329508780664f141954bfd0.57881358'),
(358, '1330901366664df3173b4a31.56393190'),
(1105, '133103550166506459ea8898.16116825'),
(92, '1333802586664dc1ad5ce3a5.13943179'),
(490, '1336212177664f0aa3547e18.64007354'),
(39, '13374524664c935b04b7d5.40096486'),
(27, '1337841072664c889a339ad7.68018612'),
(101, '1339857989664dc40565f399.67333149'),
(37, '1342568467664c93463bb093.17844476'),
(797, '1342783407664fc7282dabd9.51088365'),
(43, '1344006846664c93a317e692.62832578'),
(310, '134463601664def2562eb60.46007632'),
(858, '1345450945664fc9fc95f8b1.56788532'),
(532, '1349259884664f0df47ab176.30641162'),
(1051, '1349537591664fde44390c07.73456008'),
(564, '135051860664f157c79b3e4.57811484'),
(582, '1351329639664f4459394705.80661645'),
(65, '1351822792664cb061f40bf8.06725067'),
(1169, '13523255356650701222a658.38421393'),
(360, '135269704664df32b3e0014.36444084'),
(1035, '1356082086664fddbd606c22.96871042'),
(742, '1356389092664fc533af43b7.35010802'),
(1286, '13570648056650f84f308868.84063374'),
(1097, '135716756266506311d80549.17500825'),
(576, '1357924548664f16dd56e786.29743815'),
(1283, '13582389996650f8370b8502.42822597'),
(648, '1360350937664fbe719f8518.02914275'),
(1132, '136080238266506945f061b3.48022603'),
(336, '1361367853664df21d5c1335.06656397'),
(1256, '1361716389665081e1d956b4.18867958'),
(545, '1361769733664f1109210593.92861343'),
(841, '1362745685664fc96ba2d6f4.27367322'),
(316, '1365848970664df03742dd83.63910622'),
(1141, '136603540766506b61e35b40.72613438'),
(1245, '136621288966507f4de41220.42380529'),
(374, '1366940764664df4255aab17.70077657'),
(515, '1367112668664f0d4a8f5fe0.84880479'),
(505, '1368746804664f0b7faadd60.89096529'),
(321, '1369455750664df06459c573.88981940'),
(1205, '13708062476650761ae2ad58.75426038'),
(837, '1371655742664fc94d96c7b1.30349356'),
(548, '1372536510664f11bc70bb82.29726022'),
(251, '1373823948664de2f56f6219.83578426'),
(1211, '137471043566507755dab195.53292589'),
(1126, '1377200532665068dccdc7d8.41819048'),
(79, '1378066087664cb18d861c79.77387262'),
(701, '1379783413664fc38a650319.90852137'),
(1217, '1380372396665078bdca2e35.49177736'),
(1315, '13806948726650fe533c4aa4.37034562'),
(1087, '13807321546650618adfd387.55906619'),
(1332, '13822044806651024f906e42.14355519'),
(1001, '1382244365664fdb692d0f53.55398239'),
(309, '1384534398664def0380bf91.95117769'),
(1092, '1386068344665062b5e02ce5.15497784'),
(786, '1387481007664fc6bf9620a8.74560759'),
(313, '1387590303664defd95b8f01.80960586'),
(280, '1389485787664de9c15f44d9.14226631'),
(248, '1391249058664de2415875f4.29118152'),
(117, '1393049353664dc65d57a750.78476932'),
(636, '1394594205664fbd7feff4f6.10836979'),
(1297, '13949545606650fa1b3451a4.21042903'),
(518, '139553716664f0d68b3bc88.18221969'),
(325, '1395703301664df097575658.94879192'),
(392, '1395880075664dfd611e2768.13633986'),
(382, '1395909781664df4fb1e0d56.08858672'),
(1317, '13981765916650fecb331024.29373325'),
(478, '1398359631664f0857ee2ea8.90284078'),
(523, '1400890739664f0d9a738c21.57279196'),
(692, '140146630664fc308940657.19446055'),
(1154, '140349699866506c8ddbe726.73371192'),
(953, '1404287547664fd9c9591373.31000992'),
(1115, '1405668984665066694d12c4.14420157'),
(1301, '14075414476650fb0b2eb708.99588988'),
(352, '1408190982664df2db3f1e15.45587284'),
(299, '1411870371664dee355e6733.31498684'),
(618, '1412314705664f582eaaf5b4.44593587'),
(1000, '1413846256664fdb5f35e517.40407609'),
(1369, '141444347666510baf32a193.86499428'),
(1075, '141490665166505eb9d2dc90.58734425'),
(1050, '1417277892664fde3e989f43.50420775'),
(691, '1417679241664fc2fe93de48.36362708'),
(408, '1420060673664dfdffc459f4.62054580'),
(1330, '1420972482665101d832c022.38755781'),
(806, '1421007267664fc7cc9ab290.09994654'),
(585, '1422467589664f447761c404.49371224'),
(81, '142448685664dc02657bd80.34857721'),
(88, '1424720512664dc0bd8a1de6.73628303'),
(521, '1425264180664f0d8670f7f9.04524724'),
(1063, '142722850266505becbd6c59.68653999'),
(499, '142788269664f0b45011806.64330374'),
(902, '1428103411664fd7bb233859.83053354'),
(563, '1428119088664f15406b5427.22028994'),
(867, '142884969664fcc048ccd54.83523569'),
(751, '1429255500664fc57dc69503.23125032'),
(584, '143002076664f446e2216a2.29230243'),
(501, '1430949804664f0b57acaca8.70798418'),
(1350, '1430989955665106872ff690.64245085'),
(1090, '14315645776650623deae278.98286256'),
(1312, '14320169836650fd9f33b3a7.18682629'),
(231, '1433000776664dde45585f22.23859829'),
(905, '1433446451664fd7d9230da7.82203513'),
(188, '1434195733664dd73d6849d9.05613454'),
(85, '1434354041664dc04e56eef6.38650024'),
(996, '1434703029664fdb449fbf20.63317487'),
(772, '1434749490664fc63fb10971.54576902'),
(1282, '14373695406650f81d2f4972.97210653'),
(339, '1438917521664df26006d781.95126623'),
(334, '1442010205664df20958d263.15113796'),
(214, '1445301501664ddc29585523.33993546'),
(1104, '14463289626650641e07a5d6.04127043'),
(604, '1447699056664f57afc9da68.85363173'),
(839, '1450488436664fc9620f6441.77834719'),
(48, '1451560056664c948ea3a107.54220256'),
(455, '1451974189664e0218d25881.56886247'),
(385, '1453486837664df554f34923.69135963'),
(487, '1453552543664f0a69317e63.49301290'),
(642, '1454681907664fbdbda88a13.10024459'),
(1324, '145474218066510083bd09f1.40029700'),
(51, '1456257541664c95420daaa5.07499303'),
(802, '1457520408664fc75a943d60.10957146'),
(393, '145766349664dfd6b1ba406.10206815'),
(1230, '145827123366507bcaa785b9.62358802'),
(1034, '1458457121664fddb3602190.30993251'),
(762, '1462115685664fc5d136fb57.62088021'),
(711, '1462170562664fc3e2bcf2f7.36287471'),
(736, '1462567598664fc4c298a765.91757543'),
(555, '1462596534664f1360668c55.70921748'),
(900, '1463643870664fd7a73036d4.30648629'),
(952, '1465036930664fd9bfb13042.17880198'),
(946, '1467184485664fd965c200b6.21691385'),
(171, '1467794458664dd30559c039.41177679'),
(202, '1468968061664dda5c575774.50515584'),
(1148, '147011961666506bacd81fe2.37577190'),
(120, '1470663485664dc711601c13.93931658'),
(387, '1470987335664dfd415e2702.53006779'),
(267, '147116703664de6b55bc150.00467295'),
(589, '1471282669664f44930f8e19.98759125'),
(596, '1471324988664f456cec6f93.87680582'),
(133, '1472427355664dca1d5a3539.67329975'),
(1226, '147264626066507ad9d62242.04306125'),
(156, '1473663586664dcf81561666.48952018'),
(228, '1475851234664ddd915e5061.45525460'),
(541, '1479178675664f0e4e80b660.19422036'),
(937, '1479797898664fd90b9cd6f6.09499995'),
(1155, '148153840266506cc9db7fc3.48972620'),
(391, '1482342910664dfd570f6608.56475569'),
(504, '1485513606664f0b759f8252.68202126'),
(452, '1485977216664e01fac30b66.50226152'),
(984, '1489841593664fdae1980370.10518871'),
(337, '1489868109664df227575904.22217989'),
(666, '1490790757664fc229ad7328.39298005'),
(1346, '14937277506651059734ee07.60633150'),
(602, '149596442664f579bcba609.66607309'),
(854, '1496494583664fc9d540f4f4.40814979'),
(864, '1498501154664fcb509d5450.99963836'),
(769, '1498602789664fc6148a7730.87539020'),
(1265, '15000092416650f753238432.24309646'),
(796, '1502411403664fc72295a717.01719825'),
(992, '150248896664fdb298fa248.30072027'),
(275, '1505605828664de8955ab9e2.03848301'),
(72, '150616674664cb0d9ed0a67.21832153'),
(332, '1507552217664df1f53b82d9.92503306'),
(898, '1507765826664fd6bd182066.32174904'),
(1138, '150796740866506aaded0ed9.95106017'),
(1013, '1508294837664fdca885cf89.15375255'),
(341, '1508842578664df26d3cdaa4.62050032'),
(187, '1509874332664dd703c40257.31969310'),
(258, '1510342191664de4995cde40.38088360'),
(720, '1510386583664fc43d7b8bb5.42958264'),
(1210, '151067582866507719cbd729.41757162'),
(496, '1511583320664f0b28e27fc1.25952810'),
(28, '1512629248664c88d5ee2743.89848438'),
(139, '1514443011664dcb856a1068.49663852'),
(279, '1516461398664de9857ac7a8.09656705'),
(713, '1517856747664fc3f6bfe5b1.75664085'),
(1195, '1518234602665074e4cfe900.21439929'),
(611, '1519988283664f57facf7fe2.99049095'),
(1069, '152063980566505d51d3ccf4.40884621'),
(939, '152134783664fd939211f74.60459235'),
(849, '1522412125664fc9a9c96ed5.00265263'),
(1338, '1523646553665103b731fc27.28406848'),
(1231, '152381852566507c07e38041.33921657'),
(448, '1526668772664e01d2c41179.45529859'),
(838, '1529896524664fc957992557.40447920'),
(967, '153004848664fda498ae7d8.42783383'),
(1259, '153060714566508295cac3b8.33863784'),
(1164, '153144297366506ee71cc3b6.23611252'),
(350, '1531968771664df2c73b1f62.06466993'),
(522, '1532167664f0d909934a5.93278477'),
(1199, '1532392609665075b1e40017.26590595'),
(815, '1533260084664fc86ec47008.33679834'),
(1136, '153376918066506a36900393.14886192'),
(870, '1533951028664fccb8a0c423.25748915'),
(745, '1535432017664fc54e1d6284.80133078'),
(74, '1536931660664cb0ede9b108.56323619'),
(623, '1542787476664f58c97cbeb2.60990613'),
(716, '1543014182664fc414c88d37.60265901'),
(947, '1543152987664fd96f931327.87388841'),
(526, '1543974442664f0db88c76b9.48606643'),
(669, '1546194405664fc2489404c7.81074486'),
(579, '1546776734664f444358fb07.77229408'),
(31, '1549914374664c891c891319.39090815'),
(1361, '1553337955665109cf2f9088.34434856'),
(915, '1553684502664fd83d9a3810.10491804'),
(84, '1554412083664dc0445ba858.61897104'),
(1246, '155897469466507f89e38374.96465690'),
(1307, '15619595936650fc7330b052.62466842'),
(134, '1562028960664dca595c5660.71555654'),
(212, '1563744005664ddbb1589a47.69740915'),
(326, '1564566514664df09a3f91e1.54294753'),
(323, '1565399761664df08dcffae4.07159521'),
(119, '1568097790664dc6d567c498.63741134'),
(232, '1568932854664dde816e8c15.69303711'),
(333, '1569144258664df1ff583c75.34602524'),
(718, '1569727351664fc428bc7673.72323982'),
(1068, '15704313466505d15dae971.84270865'),
(462, '1571828251664e025ebc1ca5.23257152'),
(67, '1572259803664cb0ae11bb37.91083985'),
(653, '157326820664fbea3d97b99.65940268'),
(883, '157433380664fcfc49aec38.89817182'),
(96, '1575190299664dc29d5f5296.98368454'),
(753, '1577013212664fc591cfe073.18881540'),
(1057, '157716513566505ae8c47b61.21321132'),
(1268, '15779605456650f78f98a603.40556737'),
(954, '1579172892664fd9d3307e34.34869950'),
(9, '15839442776648efa6e211c3.41953985'),
(616, '1584674535664f5820d12705.05541665'),
(257, '1585042326664de45d5c6db8.60419184'),
(34, '1585671698664c91a964e5d5.95612390'),
(484, '1587005912664f08bd3c58b4.29610848'),
(418, '158886552664dfe63c2f753.76045850'),
(384, '1589355703664df5544faa00.87117672'),
(834, '1591203998664fc92f8b7af6.73303405'),
(132, '1592711317664dc9e1568119.20718152'),
(966, '1593926453664fda43cd8408.34476535'),
(826, '1598853427664fc8ef9a8385.11934640'),
(528, '1598997973664f0dcc709381.03016656'),
(271, '1600054337664de7a55b1891.29062220'),
(1158, '16001375066506d7ddaac12.64653679'),
(613, '160105782664f5809df7019.88457574'),
(417, '1602107399664dfe59c1df12.67286309'),
(357, '1602135418664df30d3ac200.88048996'),
(1010, '1602315639664fdc8c1c2ad0.84020212'),
(6, '16063380126648ef88e14671.75522240'),
(1191, '1612968303665074bcdb7f19.03567798'),
(678, '1621236136664fc295544f16.79482859'),
(513, '1623216252664f0d367c0a05.99543433'),
(1294, '16254318796650f9672fb7c6.16740395'),
(1186, '16268609696650740dded145.59971887'),
(1060, '162909399966505b375a9641.66552349'),
(193, '1629398272664dd86958eaa2.83512074'),
(277, '1631124238664de90d63e779.08101735'),
(1078, '163144854666505f6dded432.33558635'),
(1331, '163256294266510213340784.69044931'),
(774, '1633502410664fc6573ae459.06114690'),
(314, '1635747584664df0156401a8.97551663'),
(401, '163637079664dfdb9c19867.58884979'),
(456, '1640244107664e0222c04af9.48489545'),
(749, '1642847206664fc569c4d169.91584589'),
(836, '1643139374664fc94399e851.40318089'),
(1363, '164451926166510a4730b016.42072831'),
(757, '1645876074664fc5adc49af7.51212852'),
(1344, '16480715186651051f6efcb0.13083107'),
(1278, '16491120826650f7f535b896.79040047'),
(308, '1649317532664deee95943a1.35071385'),
(626, '1652832199664fbd02a20dd2.53090058'),
(848, '1653532761664fc9a566fd08.41700084'),
(530, '1654634175664f0de0827794.56268352'),
(940, '1655410197664fd93922c998.32870832'),
(469, '1657094910664f0800ba51c8.50478992'),
(1162, '165742019466506e6de15c39.98177899'),
(225, '1657556654664ddd0e586670.02870156'),
(1110, '165788521066506585d56739.57402435'),
(615, '1660197093664f58187b4983.11328374'),
(878, '1661481633664fce989e6ba7.39666266'),
(145, '1662000205664dcced5b0fc2.70338613'),
(1020, '1663049610664fdce99e02b7.29473433'),
(800, '1663789574664fc746970841.21586380'),
(956, '1666112757664fd9e734b968.65578507'),
(512, '1666158487664f0d2c80ca10.66651344'),
(5, '16714446266648ef7ee35826.94392467'),
(1345, '16727122566651055b31a795.37910935'),
(1061, '167445304266505b71dc9b02.53240462'),
(588, '1674516512664f448eaca448.39857127'),
(162, '1678314641664dd0e95abed9.99533279'),
(886, '1678491574664fd626092201.95278281'),
(174, '167896298664dd3bc51b1a3.56284581'),
(13, '16800790136648efcede2dc3.15834393'),
(963, '1680540145664fda2755e6a6.14378456'),
(460, '1681624999664e024aeeda38.35788124'),
(300, '1684431001664dee71707a41.24196580'),
(435, '1684859463664e00b32a7317.99860813'),
(35, '1686284707664c933582aae9.46459164'),
(127, '1687603215664dc8b556eff3.16809456'),
(1188, '16877143666507485d109a6.22118181'),
(554, '168781043664f132462eeb3.70326265'),
(981, '1688112251664fdac3a1dcb2.32357950'),
(514, '1691503119664f0d40811f24.68129551'),
(739, '169325511664fc4e099dce1.47002339'),
(307, '1693281918664deeb65a82a3.21917297'),
(784, '1694694099664fc6ab3f0a04.98016540'),
(54, '1696465075664c95f62a14d8.68454362'),
(917, '1697311708664fd8512cfa14.48892868'),
(575, '1698248578664f16d359e3b4.60981029'),
(177, '1699767824664dd46d5c0b36.31437379'),
(423, '1699912504664dfe961ef2c5.61124325'),
(703, '1700140635664fc39e64bf77.44140949'),
(1116, '1700415891665067c98451d3.96444941'),
(1029, '1700870142664fdd22c65307.10570119'),
(93, '1704169784664dc1e959b095.90094374'),
(1156, '170516571666506d05db1286.26630539'),
(250, '1705535899664de2b95b12a6.60187981'),
(400, '170690106664dfdafc19433.70301212'),
(539, '170754494664f0e3a78d087.91925436'),
(725, '1707958190664fc467287482.46061002'),
(1028, '1708317386664fdd215098c9.18747174'),
(1220, '171111657466507971c829c9.20963530'),
(359, '1717400976664df3213b8ee6.16107850'),
(454, '1718799577664e020ec207a7.06491145'),
(785, '1719856279664fc6b53ed4c7.42852519'),
(38, '1720211361664c93504cfe93.57511663'),
(599, '1722284787664f45894cd480.82972205'),
(1260, '1722309597665082d1c9ad01.62181610'),
(527, '1722788617664f0dc27d0685.74077165'),
(1216, '1722892616665078820e6859.98275574'),
(1351, '1723391339665106c33144c8.74685709'),
(643, '1726438476664fbdc79ddc64.16988961'),
(285, '1726957278664deaed59dd64.34917000'),
(24, '1728122213664c885a186060.89074928'),
(123, '1728601190664dc7c55c6947.86510404'),
(591, '1728955598664f44b5f1e9b8.07815395'),
(91, '1729673574664dc17169f689.75786773'),
(237, '1729724051664ddfaf378322.89991271'),
(474, '1730037621664f08302c3df3.30724368'),
(304, '1730919447664deeb578ece0.78911070'),
(1314, '17315840726650fe17320eb2.52499675'),
(427, '1732555606664dfed31cdf52.19567064'),
(1320, '17344940746650ff7f38b2b1.17371928'),
(874, '1736445617664fcda89c7889.81390856'),
(63, '1742828068664cb04de67ce2.56363790'),
(1287, '17430493236650f859291043.91188513'),
(110, '1745292545664dc5c65bbc85.24944912'),
(583, '1746535825664f44633167d4.13099960'),
(1242, '174731537766507e99daa863.37885656'),
(1228, '174816908766507b51e245e7.72164086'),
(1299, '17481939896650fa93364432.41226124'),
(1337, '17494076566651037b331f11.00069474'),
(108, '1749771040664dc5a9587b80.38273430'),
(571, '1752076214664f16ae4e3bf0.56622781'),
(740, '1753059231664fc4eaac2343.69799034'),
(964, '1756867487664fda328e1359.89502381'),
(781, '1757129543664fc68d3a50f8.81494852'),
(477, '1757834611664f084e09a7f8.00310123'),
(1237, '176075053066507d6ddc2750.66950680'),
(733, '1761698104664fc4a419a285.97902392'),
(192, '1765639578664dd82d59f7d3.36395551'),
(741, '1765869749664fc4fc9d3746.55585171'),
(64, '1767554733664cb057e86906.03317704'),
(674, '1768110184664fc27a9a3a61.66137807'),
(26, '1769001642664c8886ef41f6.59837474'),
(301, '1769929852664dee79d2d933.97601131'),
(581, '1770331979664f444f2cd154.99918019'),
(163, '1782033463664dd1255796c7.38570860'),
(403, '1784838040664dfdcdecae95.89926373'),
(494, '1785646646664f0b11a32947.47332831'),
(888, '1786144750664fd65d977ae7.54025333'),
(869, '1786707141664fcc7ca3c0a2.45544064'),
(502, '1794388602664f0b61a16236.81153331'),
(879, '1795842572664fced499b4d2.30830188'),
(442, '1795969923664e0197ae0398.11494789'),
(354, '1796777582664df2ef3e45f2.70436229'),
(69, '1797040205664cb0c62520b6.54404524'),
(89, '1797752919664dc0f9626c11.66131868'),
(498, '1797996650664f0b3b941297.49733030'),
(743, '1799078010664fc53a0f71f8.21467414'),
(1254, '180074518866508169c80905.37143406'),
(1161, '180408196866506e31f2c428.41058639'),
(594, '1807137191664f45587385d5.41923847'),
(670, '1807842269664fc252a68594.64442861'),
(1234, '180823236766507cb9d796b3.11961022'),
(90, '1812688044664dc13557b5f6.21574397'),
(595, '1820157525664f45626b87a9.94970508'),
(684, '1821451997664fc2c454c835.07288288'),
(270, '1821453088664de7695e91d8.62705678'),
(805, '1823342332664fc790959b03.28259513'),
(238, '182414731664ddfe96298e6.02639169'),
(373, '1824171464664df41bef54f2.73285909'),
(705, '1824671103664fc3b2682735.74071389'),
(1198, '18270021666507575d40207.65836950'),
(1134, '1829881391665069bdd73ba0.87382154'),
(409, '1830350332664dfe09c3dd86.85087195'),
(980, '1831948807664fdab9996854.88440509'),
(904, '1833105603664fd7cf2421b6.86991483'),
(338, '1833605511664df2315a2347.07079434'),
(844, '1835029812664fc97d49b430.98568364'),
(1326, '1838346594665100e731d235.44856108'),
(493, '1840198049664f0b0c3f6059.48702222'),
(140, '184334982664dcbc1622f76.95245896'),
(128, '1847531033664dc8f15a8652.52203066'),
(1290, '18482615826650f87732dfc2.58696828'),
(748, '1850640190664fc55fc5d932.24788712'),
(30, '1850689344664c891801acf2.45880407'),
(1086, '18526205056650614dda1303.65124142'),
(851, '1854878435664fc9b5a2c6c5.22888881'),
(985, '185518601664fdaef229f00.01556150'),
(570, '1860223143664f16ac759015.27702470'),
(99, '1864752190664dc38d68ff28.26997713'),
(396, '1865236799664dfd8beead45.30224974'),
(652, '1867735211664fbe99763ef9.43901262'),
(29, '1868179380664c8914cf4577.93453473'),
(957, '1868747841664fd9f1b41532.47625323'),
(829, '1869880078664fc90d99ee51.37505497'),
(775, '1870746600664fc66139ed41.27563421'),
(173, '1872647487664dd37d637482.06438833'),
(1271, '18729128086650f7af22d9c8.50914164'),
(1367, '187607926366510b37303930.59023723'),
(965, '1876852146664fda3589a9b7.23292289'),
(440, '1878100170664e0197656794.66627449'),
(1117, '18782346206650686aae1491.93640630'),
(1095, '1879038024665062fdcbc4c1.63263633'),
(1073, '188282579066505e42042b25.06934708'),
(305, '1886067104664deeb591a350.65148321'),
(1098, '18897377056650631bd75030.63307791'),
(1077, '18952970966505f31ed5363.61045280'),
(252, '1901196850664de331dd0373.47416694'),
(1311, '190348496650fd633175d0.58622517'),
(509, '1906154597664f0d15df63e7.28403421'),
(105, '1906883161664dc4f55e1986.54195593'),
(1040, '1907247958664fddeeca3860.74478112'),
(22, '1910377257664c87d2ee2aa0.76116786'),
(1003, '1911313313664fdc4c3eb931.07454090'),
(508, '1911363543664f0bf0920881.45375634'),
(282, '1914027200664dea39864433.16506267'),
(676, '1918592582664fc28df31408.56159191'),
(189, '1919183571664dd7795a9483.06234877'),
(1100, '1920860656650632fdf41a0.96322984'),
(891, '1920937683664fd67ca24c05.90742061'),
(432, '1920975743664dffff208bd5.20608198'),
(1263, '192179029166508385d50711.89952681'),
(681, '192303140664fc2a69e6d67.61919683'),
(165, '1928361299664dd19d5a7c06.61176721'),
(208, '1928593857664ddac15b0031.45718151'),
(1288, '19294767826650f8643707b3.86305850'),
(1293, '19304445916650f92b396c74.88751098'),
(546, '1931172574664f114471ce59.03369240'),
(394, '19379905664dfd7545d822.14031005'),
(191, '1939734766664dd7f63ee6f2.69021222'),
(244, '1941850902664de151602d74.10224676'),
(1108, '19438176326650650dd1dc45.05724648'),
(445, '1945715322664e01b4cf97a5.30838107'),
(229, '1947503391664dddcd5e4da2.17578891'),
(927, '194759255664fd8b5af4a35.27560153'),
(109, '1949403629664dc5bc95e702.65380553'),
(768, '1949567738664fc60a9616b5.36968595'),
(1032, '1951586064664fdd3cb4e0a4.31540906'),
(1025, '1952200942664fdd04dc3349.16309916'),
(488, '1952720125664f0a89090de0.68241838'),
(1165, '19528239366506f21d9ca58.83444355'),
(913, '1955601736664fd829904000.91434349'),
(631, '1956073334664fbd34a19400.95481867'),
(877, '1956753389664fce5c9cf284.94416141'),
(288, '1958629500664deba160ad68.11356782'),
(1123, '1959462162665068ac3a18d0.38691391'),
(951, '1960703650664fd9b53c54a7.47843461'),
(572, '1961657755664f16b80e8176.13976839'),
(1349, '19620820406651064b32f7f0.62450587'),
(95, '1962794379664dc261676815.89865697'),
(1005, '1963050719664fdc5a0d3044.19385395'),
(732, '1963593321664fc49dd45441.33698782'),
(439, '1964311145664e019763f2c3.41529724'),
(465, '1964744932664f07dcdf9697.49889925'),
(893, '1964889196664fd68fa5dac5.08467756'),
(899, '1965596433664fd7a44e4904.33332976'),
(223, '196747436664ddcfa56ce78.31859998'),
(1201, '196751887665075f2d070a2.82930340'),
(144, '1972698574664dccb1745fa5.50157151'),
(685, '1976115482664fc2ce57b122.54642254'),
(755, '1978681706664fc59dac2ed8.53940037'),
(754, '1979159726664fc5988534e3.62953387'),
(1163, '198166661466506ea9dda887.00680361'),
(329, '1982211441664df1d73c8459.43343612'),
(1128, '1983810311665068f0da7835.92258450'),
(657, '1985309519664fbed0a22084.37701328'),
(644, '1986454708664fbdd1a087b5.88691105'),
(896, '198770632664fd6aed4b8e4.83887525'),
(698, '1989624576664fc36c643d51.86790717'),
(809, '199214120664fc84090efa4.25137119'),
(1193, '1993243512665074d0d6d383.36747769'),
(859, '1993588885664fca249a36c5.07468193'),
(407, '1996434230664dfdf5c25c44.13305516'),
(1181, '1996808606665072e1c67459.69821946'),
(1041, '19974729664fddf3bb10f7.90749622'),
(520, '2001939681664f0d7cafc4b9.21517708'),
(840, '2002583037664fc96706f0f2.06426102'),
(550, '2003747487664f12346c2da4.12527641'),
(245, '2005384020664de18d6eb961.95955653'),
(760, '2008107482664fc5c7a2dba2.32507800'),
(830, '2008555041664fc917d67ed7.23370194'),
(553, '2010379523664f12e87427e2.42683650'),
(1340, '20127153966651042f5ce009.84939846'),
(1316, '20146457186650fe8f2e23f5.44770774'),
(368, '2016125431664df37c6052f5.04342999'),
(331, '2016419153664df1eb3da8b1.31637669'),
(868, '2018096832664fcc40a3ba81.81519015'),
(20, '2018421210664c87be8d5aa6.19967930'),
(1037, '2018708230664fddecb60182.18616375'),
(1067, '201918561866505cd9dd7f24.39547800'),
(783, '20200444664fc6a19c0d24.46015490'),
(536, '2020955776664f0e1c737f21.39871208'),
(433, '202243274664e003b2b1442.02986166'),
(256, '2026720535664de421d0d3d1.51049268'),
(675, '2029776590664fc28497ae94.21591238'),
(1142, '203041071266506b796d7e42.91756868'),
(519, '2031560807664f0d727a0c68.10805570'),
(1031, '2032529457664fdd36d56114.09954903'),
(1062, '203307251766505bade37f92.35683886'),
(1168, '204018290066506fd5ee5bf5.86425592'),
(1308, '20448880346650fcaf2f9372.54769502'),
(552, '2047544889664f12ac7512d3.51387446'),
(922, '2047761720664fd8832bc571.39627832'),
(1366, '204787345166510afb356fa5.51705170'),
(388, '2048296803664dfd430b2195.28716872'),
(1244, '204850681766507f11eb52c6.24326765'),
(32, '2054275648664c894295ba41.41997303'),
(142, '2057439284664dcc395fb067.35457614'),
(278, '2060683314664de9495d4743.78180991'),
(195, '2062212837664dd8e165ee19.37018148'),
(982, '2064314704664fdacda22a96.49797685'),
(625, '2064577474664fbcf8967512.59679254'),
(41, '2065278001664c936f024741.73485937'),
(622, '2066264524664f58c4c32c96.24231382'),
(449, '2066532128664e01dcc08564.83860970'),
(804, '2066657057664fc76eac9025.01880606'),
(196, '2066888363664dd91d59d612.06314164'),
(709, '2067699179664fc3cebdb9e9.68416177'),
(295, '2069520454664ded455cd659.66963877'),
(222, '2071959998664ddcf05baea1.99795389'),
(457, '2072421994664e022cc45da2.04037471'),
(11, '20734261986648efbadcb308.56876715'),
(543, '2073429692664f104eb697e1.83903623'),
(1192, '2074377345665074c6d7ae26.52974174'),
(715, '2076213689664fc40abc75c6.74122642'),
(793, '2077630670664fc70407c504.77117257'),
(486, '2079905336664f0a6330e0d9.73448369'),
(160, '2080078183664dd0715c7479.26774272'),
(158, '208288671664dcffab823b6.49886990'),
(1209, '20837311665076ddd35947.28380663'),
(178, '2085297243664dd4a95b9ac5.17638674'),
(473, '2087154523664f0828ec78f2.29306601'),
(294, '2087533880664ded09582427.30745689'),
(1354, '20878571966510777331395.04239399'),
(492, '2087857977664f0afd9fd085.17781378'),
(747, '2090015195664fc55d8fe245.44746123'),
(597, '2091842091664f457539f946.03283156'),
(972, '2092375713664fda786b1732.42551002'),
(779, '2093739795664fc68106f685.93797953'),
(750, '2097557205664fc573e041f2.50093340'),
(828, '2098249894664fc9035939f8.09389189'),
(1232, '209880882766507c41d97f18.18069135'),
(673, '2101424099664fc26fe23165.40519452'),
(235, '2106623836664ddf355f7cc7.23240369'),
(928, '2110029754664fd8c05cbb66.45939912'),
(1224, '211123579766507a61dd7952.76320617'),
(224, '2111503131664ddd0460c472.73170717'),
(1114, '211237996166506665814899.34074979'),
(129, '2114462341664dc92d568367.98089178'),
(15, '21172716666648efe2e65833.04359350'),
(1356, '2117915403665107ef344e14.85429042'),
(782, '2118679502664fc697430566.78416312'),
(929, '2119950714664fd8c1a52078.83714447'),
(686, '2120388782664fc2d436dd87.91469303'),
(866, '2121597632664fcbc89f5953.39793296'),
(416, '2121934678664dfe4fc106e8.50016798'),
(1178, '21229858036650722ddb60d2.53546433'),
(161, '2123266696664dd0ad586432.25293189'),
(381, '2124482817664df4bf1c8836.25641361'),
(1284, '21268607176650f83b31de21.70304074'),
(1059, '212804465466505b00da4112.06258370'),
(1171, '212899986366507089e7ffb0.54967986'),
(292, '2134409211664dec916deb42.12297886'),
(1208, '2138730721665076a1d71c78.60571014'),
(895, '2138800196664fd6a3ca0899.40359558'),
(632, '2140932574664fbd3ea38fa7.96000373'),
(260, '2140988583664de5115cc8f9.48810729'),
(778, '2142746947664fc67f57f8c9.19665292'),
(788, '2147407098664fc6d70facc9.25216461'),
(211, '215130323664ddb75628e39.14892373'),
(593, '219141784664f453fa28494.65782825'),
(712, '225347284664fc3ecc13383.94607913'),
(147, '226649895664dcd6561f322.49610401'),
(118, '227583061664dc6996918f6.93695916'),
(1085, '22799732666506111e76e15.03740370'),
(780, '230282103664fc68aef4f98.79855042'),
(68, '232072113664cb0c445b596.18627189'),
(57, '236685446664c96a9ead501.12750465'),
(471, '237132033664f081202f608.67423951'),
(792, '241888246664fc6f9657a95.53028622'),
(1167, '24321064566506f9a090430.12336773'),
(259, '246353890664de4d55920b1.99168042'),
(537, '247433153664f0e266e27b3.03853662'),
(1174, '2498815936650713e201d81.42351874'),
(364, '25024429664df35357d061.71331710'),
(664, '250494548664fc215d887d6.25491713'),
(236, '251271361664ddf715a3c78.83183633'),
(1079, '25298795566505fa9c99f90.00091903'),
(1289, '2533921176650f86c9abaa8.74293226'),
(45, '254166580664c93a403a893.52264341'),
(677, '257692581664fc28ecda857.76355382'),
(1043, '257827108664fde04c81c49.47883272'),
(335, '259099949664df2135ac849.02337928'),
(945, '259600546664fd95b9dbc06.08321213'),
(914, '261092671664fd833990743.02845077'),
(166, '262014860664dd1d959ca87.32564271'),
(376, '262359264664df4395a93f9.35785991'),
(468, '262526559664f07fb5d4fd9.44225728'),
(1088, '26299968665061c5e1d745.09536032'),
(1180, '26626533665072a5e04e82.56931408'),
(366, '267132541664df37568b641.26252203'),
(861, '267260541664fca9c9676d7.16590098'),
(1070, '26755657366505d8ddb9ff6.54953356'),
(164, '268315423664dd161d67746.89452138'),
(1127, '271227225665068e6d55d88.70944103'),
(910, '271329176664fd80b23d168.42539980'),
(958, '271475600664fd9fbb70763.00551619'),
(1261, '271737553665083112ae8e5.24743249'),
(1302, '2739790856650fb4730fe46.58793687'),
(75, '275620941664cb0f7e8f623.97297173'),
(303, '277933938664dee8e5909b9.61210521'),
(1258, '27894289066508259da3e88.68965774'),
(1336, '2794791676651033f3300a7.19694462'),
(1150, '2807426066506bc13d52b1.17932302'),
(1024, '282322557664fdcfac9f434.35709324'),
(311, '282816201664def618429b3.69233952'),
(246, '284886830664de1c95b25a3.49121574'),
(610, '285662450664f57ec6a46c0.29777670'),
(1045, '28587626664fde0f325f29.25159956'),
(903, '288118862664fd7c5237362.63388455'),
(353, '292536045664df2e53d9904.82262947'),
(1273, '2930790046650f7c3363d85.78921607'),
(1255, '293473515665081a5e6b331.67873111'),
(194, '294237220664dd8a5747404.70692540'),
(243, '296164583664de1155b7193.72929782'),
(1135, '296172353665069f9d46b51.53893752'),
(983, '296664850664fdad79ac3f2.54138667'),
(630, '302161630664fbd2c672034.60501178'),
(1238, '30338368366507da9dab2a3.34284929'),
(206, '305533371664dda84587fa0.03159040'),
(83, '309154472664dc03a5b1bd8.26873553'),
(612, '309710209664f57ffc31996.85907947'),
(872, '310006960664fcd309da483.31651182'),
(831, '310192435664fc917edf190.39241819'),
(1272, '3110299606650f7b925f390.26200596'),
(852, '312016205664fc9bfa9cd22.83477444'),
(932, '312677103664fd8d99fe2b7.87587171'),
(1298, '313887976650fa572ff297.88152757'),
(627, '315430326664fbd0c952361.48499394'),
(1229, '31555013866507ba216df59.77200358'),
(1239, '3185654966507de5d984b1.16209335'),
(297, '328385548664dedbd62d0d8.91924121'),
(170, '328741600664dd2c95a0fa6.74672809'),
(40, '330576949664c9365080d41.81888746'),
(98, '331610137664dc3156a0967.42584801'),
(3, '332723176648ef6ae5a226.58971133'),
(1160, '33328014966506df5e267d8.27444561'),
(16, '3344683146648efedd08104.47457054'),
(1364, '33459250266510a832d6196.36543980'),
(328, '33466646664df1cd58b1d5.56822289'),
(287, '335474295664deb65591083.15691104'),
(458, '33796256664e0236df4359.98050275'),
(1152, '33917349366506c15e5b884.85009467'),
(999, '339990017664fdb5548d3b3.51428889'),
(47, '340111663664c941608b2b5.67199311'),
(687, '341000225664fc2dde41e43.28824408'),
(154, '341816050664dcf09877b92.87123939'),
(794, '342397206664fc70d5dccd2.48120548'),
(380, '343602783664df4b01b0a79.91602958'),
(533, '345827513664f0dfe7b4c15.80238670'),
(1360, '34622799665109932fd945.48808201'),
(665, '347029043664fc21faec3a9.17425382'),
(372, '348004740664df4115b7812.65283722'),
(479, '352724334664f086c2471b2.07269911'),
(1176, '357339932665071b5c9db12.55281241'),
(923, '361090789664fd88d22f588.30587667'),
(434, '362323573664e0077345ff3.75790495'),
(1124, '364212836665068ac3a94d3.03170001'),
(126, '364213191664dc87960f9b5.99821115'),
(503, '364312738664f0b6ba4e731.55075470'),
(296, '365773307664ded816686c6.10898857'),
(556, '366569287664f139c8bc589.19019701'),
(283, '368552971664dea757aec81.79900288'),
(846, '368649606664fc991447dd5.71590573'),
(882, '369206032664fcf8899b027.61102339'),
(438, '370464740664e01976046d0.39515874'),
(1106, '37094843566506495d49ae6.80750104'),
(1328, '3712487446651015f3930a6.51126918'),
(926, '371426432664fd8ab9f6925.47672887'),
(1227, '37357517466507b16327ca8.41744864'),
(1175, '37387887966507179c9ba29.59773483'),
(1215, '373918088665078464143d6.79585382'),
(880, '375370274664fcf109b3e60.01807644'),
(979, '375902438664fdab3194575.50651404'),
(719, '378218532664fc432c0f0a1.52976357'),
(124, '378298203664dc8016076e9.22703990'),
(857, '380270011664fc9f29aeb15.30438208'),
(371, '380446593664df3d55fe272.39215877'),
(324, '382130007664df094b41b44.82012959'),
(405, '382402051664dfde1c32b43.96887808'),
(1197, '38303377366507539e15800.47875882'),
(399, '383370613664dfda5c24ae1.76527799'),
(135, '386111744664dca955f70c5.22093206'),
(726, '387924461664fc4712f7327.94378593'),
(215, '388055264664ddc65551765.44265601'),
(1048, '389081076664fde30a115e2.31653847'),
(1285, '3910645216650f84543ff83.49223589'),
(239, '39179169664de02560d960.52248213'),
(1184, '39456691466507395d5ab57.59404612'),
(816, '395575308664fc8783de369.33763865'),
(1056, '39595725966505adfcf4a00.04628325'),
(974, '396723262664fda8587c896.37216186'),
(429, '397905962664dff4b2cf036.38816441'),
(1236, '39944430766507d31d9e828.04335499'),
(1190, '399919203665074b2d74eb0.09520769'),
(935, '401316480664fd8f7996bd6.50940308'),
(1146, '40610632966506b98da9a08.96450159'),
(306, '406640329664deeb594a8d9.18688715'),
(62, '406987056664cb043e842e3.90034854'),
(920, '407173197664fd86fa0c235.70573621'),
(758, '408421109664fc5b66cd991.66204260'),
(814, '416257297664fc865dbcef2.31296615'),
(1277, '4173086336650f7eb214978.38852662'),
(573, '417531980664f16bf6bbfb9.42382592'),
(1172, '417644424665070c5d48d54.89421887'),
(141, '41903969664dcbfd5b6b81.01418240'),
(377, '422717620664df4435ada99.69303849'),
(1052, '423324397664fde4a612ac4.54606104'),
(961, '424120122664fda19946583.84278935'),
(410, '425210559664dfe13c08ab9.16495364'),
(355, '425442872664df2f93a3559.56533446'),
(122, '426418333664dc78957dee0.74622455'),
(218, '428108532664ddcc859fd70.04663196'),
(273, '429969552664de81d5d0e66.76088922'),
(1026, '430765249664fdd0ecae549.39222901'),
(276, '435040739664de8d15e1442.36436868'),
(633, '439560583664fbd489ac6e1.78643220'),
(547, '440989840664f11806a5d16.51537756'),
(647, '441334554664fbe6dc32442.83947246'),
(102, '441370329664dc4415df049.06979774'),
(60, '442952892664cb02fe7c000.55575972'),
(1179, '4433941766507269d995c2.21539668'),
(1280, '4438760446650f80935e3b9.13704789'),
(49, '443969631664c94c9f2b001.43126627'),
(52, '445731810664c957fc89fc9.09421411'),
(640, '446633978664fbda99b9c49.66003146'),
(960, '447070317664fda0f9968e3.06524679'),
(540, '449478692664f0e447e18e4.49295687'),
(873, '449697774664fcd6c97fae2.88262674'),
(1262, '45063304966508349dd6330.64925518'),
(1319, '4520764996650ff4335ccd3.79653506'),
(856, '454094688664fc9e8b24b67.29219712'),
(991, '454125867664fdb1f9645f5.02095401'),
(100, '459229546664dc3c95dfb45.92884167'),
(620, '45986240664f5842ad5a09.67369006'),
(1274, '4607212616650f7cd4ba876.08905943'),
(799, '461071662664fc73cec29b3.38996604'),
(1275, '4614033296650f7d7360ae0.85264432'),
(738, '461529098664fc4d69c7163.25631498'),
(168, '464042984664dd2515e5029.11784928'),
(1182, '4660012986650731ddafe23.70924957'),
(1233, '46610768266507c7ddaf052.78776876'),
(55, '472603981664c9632215102.59091044'),
(590, '47291088664f44b085c2c2.65110175'),
(485, '4789451664f08c5f31117.26655715'),
(777, '480367063664fc6754f8816.39463362'),
(1072, '48064381466505e05e541c4.31471695'),
(94, '482602076664dc2255fd0c2.82581330'),
(406, '482892755664dfdebc199e9.47266254'),
(115, '483557817664dc5f85c7fb9.59289177'),
(995, '485996725664fdb3a8a6f54.51608734'),
(827, '486912314664fc8f9a91f91.75261309'),
(476, '490459923664f084405f7d1.33367634'),
(987, '491272936664fdafe6b48c2.27894549'),
(291, '493119727664dec55631d02.51743317'),
(885, '49534641664fd03c9ddb69.89009682'),
(219, '496349718664ddcd2674af7.12902646'),
(234, '501374302664ddef95dbe29.97089829'),
(634, '503147999664fbd7794b999.05498133'),
(463, '503787944664e0268df1a07.67922404'),
(789, '504194948664fc6dd42f9e3.21000183'),
(21, '505116523664c87c9ed1f65.82731474'),
(1304, '5052069306650fbbf2ec5d3.85392831'),
(1012, '505228545664fdc9fd9ab52.48701583'),
(157, '50577296664dcfbd5daa53.81761702'),
(175, '506214131664dd3f5610964.38987757'),
(346, '506555881664df29f3e54f9.19554177'),
(535, '511673481664f0e1276c224.32270014'),
(274, '513451957664de8595ee1c2.49448061'),
(950, '514488321664fd9ab44b7f6.95258831'),
(697, '516386666664fc36262fa03.99608631'),
(1054, '5196239466505abfe2ff93.28148209'),
(941, '51971198664fd9392addf4.91283611'),
(413, '5210994664dfe31c226a1.91038708'),
(397, '523164924664dfd91c56744.90773500'),
(1269, '523629776650f79ab68355.24461346'),
(744, '524117780664fc5442c6133.45804220'),
(763, '525218610664fc5d7f214c1.42152164'),
(916, '527329111664fd847994900.72383200'),
(881, '528866324664fcf4c9b6061.85215344'),
(587, '529568030664f4484ed9820.79633200'),
(808, '529635448664fc8376ec9f1.01906452'),
(507, '530252763664f0bee422318.29070526'),
(638, '532417114664fbd956bd442.57543994'),
(1153, '53675738966506c51d93fd1.87147777'),
(497, '537211775664f0b2f98ecf6.89076640'),
(658, '541166155664fbeda10ae10.74530504'),
(1348, '54306429166510612444ac5.42502871'),
(1094, '544690882665062f3dd5fa9.93521981'),
(495, '546819046664f0b1bc07d20.66265871'),
(756, '54763687664fc5a5091783.16782299'),
(617, '548309857664f5824b67374.18066336'),
(517, '549682023664f0d5e7fb9f7.52577562'),
(1306, '5530947456650fc374b70a0.81292931'),
(908, '553327325664fd7f7232b64.03674899'),
(412, '553866143664dfe27c24f99.29416267'),
(833, '553967665664fc92561fea5.14525874'),
(1042, '555974872664fddfabc9f12.19120955'),
(8, '5564616346648ef9ce7a169.56005986'),
(931, '556974915664fd8cf2e3b54.44152012'),
(44, '557346117664c93a3a06a74.40930985'),
(426, '557810318664dfeb41db244.63839327'),
(909, '562515302664fd80121ab33.90798117'),
(420, '562811154664dfe77c216f1.05838458'),
(1137, '56406327266506a71d8b603.76067086'),
(811, '566022756664fc8492b6ab8.99662122'),
(1218, '566793244665078f9d0ec87.79530360'),
(1076, '56725234266505ef7c272b0.74618376'),
(419, '571812227664dfe6dc25324.12824814'),
(601, '576547172664f5796868bc3.66850280'),
(843, '578011016664fc97359cad9.53956411'),
(312, '578334494664def9d5b6e82.63950777'),
(261, '579569491664de54d5eb925.44446116'),
(773, '583155655664fc653c9ea43.25477379'),
(790, '584006209664fc6e2eaaf67.39234804'),
(464, '584212128664e0272e72359.64789307'),
(437, '584526826664e012b288460.97638468'),
(959, '587102479664fda05952837.38246098'),
(424, '587343722664dfea01a7db3.87502326'),
(221, '58744078664ddce6593a95.32270223'),
(1334, '589622676665102c733a0e3.38544289'),
(850, '590820567664fc9af105ab8.63180466'),
(66, '592903260664cb071f3ea04.60684570'),
(897, '593026830664fd6b7d411b7.69215529'),
(327, '593897191664df12ed0e129.18491412'),
(1103, '594563273665063e2069c51.67137727'),
(344, '594799841664df28b3c3f79.80366411'),
(901, '596940686664fd7b1230a46.01298786'),
(148, '599154046664dcda15adf17.54239977'),
(672, '60166517664fc2669d18e4.04940742'),
(1266, '602007276650f76f87a682.38215898'),
(717, '60241830664fc41ec54545.59854350'),
(1022, '603277992664fdcf3b43935.74929730'),
(690, '607177187664fc2f493c455.09578179'),
(704, '607719356664fc3a86450d8.01531676'),
(1368, '60979873066510b73344e78.86657963'),
(1257, '6127370066650821dd974e7.35035510'),
(290, '612892599664dec19871228.67418955'),
(639, '613378623664fbd9f9d0c22.42782843'),
(199, '613656600664dda0d617dc4.84369043'),
(663, '61419985664fc20bad73a0.93876548'),
(125, '614416487664dc83d730664.45569756'),
(824, '616166468664fc8dab01991.78072175'),
(635, '618047942664fbd7a258a76.04230978'),
(453, '618834604664e0204c02ba0.14661075'),
(650, '620603145664fbe85b46e51.66532456'),
(1151, '62066510466506bd9dcc522.95629992'),
(1225, '62195053966507a9dd6b137.26729272'),
(1125, '623041598665068d5b50240.27683359'),
(835, '625437190664fc9399715f3.09173474'),
(688, '626074532664fc2e06880a2.35512870'),
(1365, '62684228766510abf313bf8.95858340'),
(240, '629907190664de0615bcec9.91400860'),
(660, '631372281664fbeeaafb8d4.09766375'),
(1249, '6317085986650803de36580.25768575'),
(1270, '6381701616650f7a42f5512.31025853'),
(728, '638533800664fc47f9b9f12.39877135'),
(1081, '63938394166506021d99633.82876495'),
(765, '640363967664fc5eca0be95.14092283'),
(565, '641017486664f15bf0ed1b2.79928735'),
(989, '641545618664fdb0bca3f42.88691076'),
(702, '641702765664fc3946735c0.66215655'),
(1140, '64185747666506b25d6d8d2.05481961'),
(46, '643062022664c93da083719.74793102'),
(76, '6439148664cb127706b42.62949584'),
(1248, '64525642166508001ccff88.37152976'),
(1102, '646051722665063a5e06be9.34236448'),
(820, '646414837664fc8a0b1d0b3.67435073'),
(181, '647550886664dd5996bc2a1.94114693'),
(1313, '6492135716650fddb348806.47310899'),
(1071, '65005745466505dca046ac7.93716029'),
(1038, '652432191664fddecc28da7.40003054'),
(1305, '6540482696650fbfb370bd1.39411694'),
(61, '657490231664cb039eaea49.35456671'),
(569, '657647025664f16a654b883.57202430'),
(761, '659905484664fc5ca658dc4.20423737'),
(538, '660483368664f0e306c4c76.19532246'),
(1101, '662389596650636a01a0d2.74640311'),
(1281, '6625633026650f813457f62.73625973'),
(198, '668142364664dd9d16472a7.16054028'),
(988, '669970172664fdb038328c4.22587276'),
(254, '671216434664de3a9602800.23101023'),
(1358, '67136723666510867355f97.52205802'),
(383, '67274140664df5371e1031.26956235'),
(1310, '6733958816650fd272f2e37.88812833'),
(977, '675642967664fdaa38d3cf7.78422288'),
(812, '675979018664fc850489555.05847992'),
(998, '676264001664fdb4fa33df5.60564955'),
(155, '677689662664dcf455a2219.87563027'),
(628, '679101519664fbd169ff3c2.40297361'),
(430, '679802550664dff87481cb5.32853369'),
(342, '679895206664df2773c02a5.43464593'),
(1170, '6842223506650704df25218.81501016'),
(1300, '6932206496650facf35c611.74493328'),
(656, '693699607664fbec19fc828.62369387'),
(411, '694460688664dfe1dc07db2.29590879'),
(86, '695959501664dc0586e25b8.18322136'),
(629, '696553030664fbd20a49854.92088898'),
(1157, '69675926666506d41dd0663.51938912'),
(1064, '69818201666505c25d13b97.35748954'),
(210, '700094176664ddb3960e5f5.07514594'),
(1113, '70169625966506639dceea1.78960771'),
(375, '702432156664df42f7884b7.28730369'),
(1011, '703948197664fdc96169cf6.86957402'),
(19, '704430003664c87b6b4dce3.96397250'),
(320, '704660393664df05a68d4a8.01599587'),
(671, '70760320664fc25c98e458.24262348'),
(315, '707743525664df03237c405.88918171'),
(679, '708997536664fc299c67b14.57536598'),
(693, '709497913664fc3129353b6.18291175'),
(1221, '710324537665079adc766a6.94611096'),
(23, '713816698664c87dcbfe5c7.94073671'),
(220, '715484124664ddcdc3495d3.18570353'),
(1019, '716745530664fdcde983177.52690960'),
(111, '717101207664dc5d057c209.82188314'),
(1023, '719265526664fdcf4f06c41.46208837'),
(562, '719827174664f150464b017.35585285'),
(1145, '71995342166506b8ee5ce81.25838840'),
(1206, '72122288466507625dd2214.65140001'),
(389, '723080106664dfd44def700.50456505'),
(1111, '724882639665065c1e490b3.59774621'),
(1323, '729981626665100332e1872.96459382'),
(349, '730348411664df2bd3d4ac2.02797864'),
(608, '731143609664f57d864eab5.32423139'),
(1039, '731836083664fddecceee01.95134451'),
(1327, '733557566651012334c6b9.84596932');
INSERT INTO `unique_keys` (`id`, `unique_key`) VALUES
(1131, '7344030206650690ed354f2.61013047'),
(363, '734528068664df3493c1a82.92763546'),
(286, '737037581664deb295d55c5.47085384'),
(1053, '73740131766505ab5dc9082.39281368'),
(1030, '738022444664fdd2d0fe922.65600053'),
(269, '738114505664de72d5e10b5.42738299'),
(787, '741911858664fc6c9a1e634.13000889'),
(906, '742585744664fd7e323a2d9.62542094'),
(1033, '745500480664fddac324be6.39607630'),
(976, '746221150664fda9a368683.87764097'),
(1325, '746555696665100ab308f55.41621442'),
(190, '747480604664dd7b5671cd2.73119282'),
(683, '748703566664fc2ba6089c3.49793852'),
(770, '750611975664fc6293488a6.67845483'),
(116, '750966764664dc622ea1607.08975623'),
(1119, '751772913665068809fa528.61091325'),
(255, '752699457664de3e56031d1.66011805'),
(205, '754207977664dda7a592564.32586467'),
(112, '754261699664dc5da5a9a73.94770262'),
(559, '756343862664f1450705130.85073601'),
(621, '756851580664f584c3394b0.64760618'),
(993, '757380945664fdb2e2adaa0.39380270'),
(169, '761458235664dd28d827289.42260000'),
(542, '762009142664f0e5964f0c4.11959420'),
(107, '762099939664dc56ec16ac7.59257950'),
(318, '763773072664df04659f8c9.02376186'),
(179, '768827529664dd52487ebc1.31165678'),
(818, '768843490664fc88c461708.92980143'),
(1318, '769010856650ff0734dae2.49398177'),
(990, '770290566664fdb1526a3f7.07962972'),
(708, '770344778664fc3cccfe167.44808704'),
(176, '770689603664dd431d772f8.16411374'),
(662, '770707809664fc20adc8011.26078814'),
(143, '771718993664dcc7557ec22.42695272'),
(370, '774144685664df39958e444.98215992'),
(894, '777436341664fd69a1df473.78855297'),
(798, '778082289664fc732a21277.82099534'),
(577, '781411781664f16e7723141.14095742'),
(1084, '784263717665060d5eaef16.87067707'),
(822, '784773891664fc8b248b845.59479189'),
(1143, '78776879966506b7aca70b2.61504772'),
(845, '787951398664fc9874e17e2.25322744'),
(1322, '7883881426650fff73284b6.70305108'),
(1006, '789388504664fdc640e1b43.87674711'),
(1214, '7917652046650780a1a95c2.49453177'),
(506, '793555077664f0bedc7fe43.25197215'),
(968, '793867386664fda538be788.74259947'),
(1339, '794452489665103f33288d5.19699899'),
(689, '794666640664fc2ea928fb3.84710934'),
(871, '794820966664fccf497d827.38199936'),
(138, '797481112664dcb49581698.70220874'),
(347, '800567746664df2a93e9552.65808011'),
(263, '803078322664de5c55ea5e6.19467786'),
(971, '803560780664fda71871e37.84829379'),
(936, '803633159664fd9019fd065.19084154'),
(422, '804468991664dfe8c1ceb38.12275352'),
(1362, '80663576466510a0b323234.50802002'),
(153, '806917490664dcecd5ae139.10703140'),
(78, '80995665664cb18c9ce089.97135479'),
(746, '810898820664fc55211a5a6.08625310'),
(151, '811270520664dce555bfc57.95601710'),
(863, '813030658664fcb14c690a4.46735764'),
(759, '81793755664fc5bd9745c0.23761273'),
(1074, '81813532066505e7e14bca8.99868977'),
(348, '821658536664df2b33c7330.89807870'),
(1243, '82516374266507ed620f061.84212982'),
(699, '825582976664fc3766f5451.91983167'),
(77, '833595562664cb161eca541.97591437'),
(415, '835115327664dfe45c2aaf0.01103312'),
(1251, '836337975665080b619d106.28774933'),
(731, '836698726664fc4978dab65.01117919'),
(1173, '837906056650710baeb2b1.09868651'),
(1222, '841105239665079e9c76644.75748385'),
(561, '842927440664f14c86c2509.00887243'),
(1036, '844550980664fddec8d5cd5.87686684'),
(1018, '845859817664fdcd491f8c8.04912045'),
(428, '846006894664dff0f1f14c0.55636765'),
(641, '847550858664fbdb3a399f9.60228737'),
(185, '85069678664dd68960b5c4.94697383'),
(1133, '85254328966506981d2d0a1.98939494'),
(887, '855759973664fd6548b0e10.64075909'),
(1352, '856959334665106ff30e828.61162786'),
(807, '859279524664fc80898fe64.64569294'),
(1065, '86070101766505c635f6d19.11900069'),
(1241, '8625459466507e5f0b07e3.41608958'),
(700, '865491993664fc380694cc2.51512896'),
(216, '86762930664ddca15e4540.45458086'),
(470, '873135875664f0808109407.01845891'),
(534, '875278649664f0e087361b3.96893298'),
(912, '875692734664fd81f240a90.26651400'),
(379, '876179537664df4575b5154.77753215'),
(431, '878434267664dffc329ea14.64148296'),
(821, '879032532664fc8aa940f66.77932619'),
(1149, '87989937766506bb6e18010.65103082'),
(167, '880438381664dd215599a19.09746436'),
(853, '881882242664fc9caa40868.20773476'),
(600, '883257851664f458bdb0576.06231726'),
(549, '885062643664f11fd40e544.23395045'),
(87, '885282792664dc0815a5ab3.98889763'),
(1112, '885616145665065fdda1a47.25145294'),
(317, '88700198664df03c5704d8.34603611'),
(1016, '889061218664fdcc0a4dd34.76342978'),
(466, '88913551664f07dfec29b8.32235070'),
(1240, '89145766166507e21d748b6.04770194'),
(668, '891687955664fc23e98f044.42717750'),
(1212, '89252240966507791cc9646.77573372'),
(1353, '8929795236651073b2e7f74.81663934'),
(461, '89429851664e0254c2c965.30264942'),
(969, '895414971664fda5d8b3ea8.63169674'),
(180, '895893166664dd55da4d710.80382858'),
(586, '895914361664f4481789282.52465189'),
(104, '896440404664dc4b95d7fc7.92409426'),
(421, '897060235664dfe821cfb41.86319484'),
(266, '898749840664de6795b1660.67744719'),
(842, '899542029664fc96d402e26.16774986'),
(948, '899711862664fd99ca29a56.81271773'),
(1296, '9019343656650f9df4550f0.15310450'),
(97, '90205039664dc2d95a5aa5.45546305'),
(7, '9031760516648ef92e51258.06457645'),
(1204, '90331223666507610c9f519.98133411'),
(1189, '906377183665074a9cd5044.04085303'),
(233, '906491112664ddebd5ac7f3.55349755'),
(249, '906715172664de27d663328.02016967'),
(17, '907194223664c859dc5cfd8.55813293'),
(362, '908054629664df33f3d46a8.65816366'),
(942, '911608065664fd93d985472.42380717'),
(59, '915490196664cb0266fbea7.82551063'),
(414, '916840816664dfe3bc413a1.34470452'),
(578, '917934535664f16eea67e33.00848301'),
(938, '918323925664fd9391288a3.17226581'),
(136, '919963509664dcad1642fd4.60982021'),
(723, '923283302664fc45a914311.71317210'),
(182, '926927758664dd5d5594079.38536426'),
(865, '927122052664fcb8ca2c905.50645698'),
(637, '929288505664fbd8dea7371.94617075'),
(1046, '931039787664fde1f0ef779.97758425'),
(447, '931911094664e01c8bf9824.52084435'),
(934, '932909674664fd8ed966576.82899945'),
(1202, '933360958665075fccadaa0.62545649'),
(574, '93371428664f16c96ef4e4.29557004'),
(1355, '938471785665107b3cccb95.14037645'),
(734, '938574419664fc4ae223b40.39236311'),
(1082, '9390772736650605df04e00.79422928'),
(131, '941682884664dc9a55a7856.59314424'),
(106, '94331590664dc5315db4a2.87316216'),
(710, '944954569664fc3d8c60ea0.97271078'),
(694, '949071413664fc31c95a1a1.19465278'),
(480, '950689486664f086e547b65.21838797'),
(241, '954817903664de09d75bbe6.47830029'),
(592, '958776707664f453d76a997.73327213'),
(201, '958881371664dda57aa3ef9.10739224'),
(404, '959469735664dfdd7c2d7a5.64246675'),
(544, '959553260664f10d2560fe7.88193736'),
(624, '960641606664f58d2217ec6.82126272'),
(217, '967255764664ddcc3a0e6a4.64151768'),
(855, '967958886664fc9deafb274.06220635'),
(727, '971470183664fc47ab68519.00836819'),
(767, '974748075664fc6008a3c93.37649338'),
(609, '975616620664f57e26f2b33.30248265'),
(262, '976131466664de59301e420.54809469'),
(737, '976310107664fc4cc973c82.60933656'),
(825, '977355914664fc8e4b3eea5.04320170'),
(425, '977384841664dfeaa20f221.82869931'),
(803, '977520874664fc76498cd39.21500788'),
(159, '979185845664dd035595e16.22931205'),
(73, '98080870664cb0e3ea66f1.12821632'),
(1118, '98081151966506876b2b1a3.38861519'),
(511, '982167865664f0d237c4430.01533748'),
(568, '983091199664f166c663338.22511311'),
(1021, '983491059664fdceee65666.49446316'),
(441, '986026488664e0197aae772.75965367'),
(386, '994139914664dfd3ced4407.46392160'),
(516, '9954276664f0d5474dd74.73582214'),
(1017, '997651152664fdcca932c24.73767903');

-- --------------------------------------------------------

--
-- Structure de la table `user`
--

DROP TABLE IF EXISTS `user`;
CREATE TABLE IF NOT EXISTS `user` (
  `id` int NOT NULL AUTO_INCREMENT,
  `username` varchar(255) NOT NULL,
  `password` varchar(255) NOT NULL,
  `admin` tinyint(1) DEFAULT NULL,
  `active` tinyint(1) DEFAULT NULL,
  PRIMARY KEY (`id`)
) ENGINE=InnoDB AUTO_INCREMENT=9 DEFAULT CHARSET=utf8;

--
-- Déchargement des données de la table `user`
--

INSERT INTO `user` (`id`, `username`, `password`, `admin`, `active`) VALUES
(1, 'admin', '0000', 1, 1),
(2, 'user', '0000', 0, 0),
(3, 'user1', '0000', 0, 1),
(4, 'user2', '0000', 0, 0),
(5, 'user3', '0000', 0, 1),
(6, 'user4', '0000', 0, 0),
(7, 'user5', '5555', 0, 0),
(8, 'user6', '6666', 0, 1);

-- --------------------------------------------------------

--
-- Structure de la table `user_seminar`
--

DROP TABLE IF EXISTS `user_seminar`;
CREATE TABLE IF NOT EXISTS `user_seminar` (
  `idUser` int NOT NULL,
  `idSeminar` int NOT NULL,
  PRIMARY KEY (`idUser`,`idSeminar`),
  KEY `fk_usr_seminar` (`idSeminar`)
) ENGINE=MyISAM DEFAULT CHARSET=utf8;

--
-- Déchargement des données de la table `user_seminar`
--

INSERT INTO `user_seminar` (`idUser`, `idSeminar`) VALUES
(1, 2),
(1, 4),
(3, 1),
(3, 2),
(3, 6),
(3, 7),
(4, 1),
(8, 7);

--
-- Contraintes pour les tables déchargées
--

--
-- Contraintes pour la table `inscrit`
--
ALTER TABLE `inscrit`
  ADD CONSTRAINT `fk_inscrit_seminar` FOREIGN KEY (`idSeminar`) REFERENCES `seminar` (`idSeminar`);
COMMIT;

/*!40101 SET CHARACTER_SET_CLIENT=@OLD_CHARACTER_SET_CLIENT */;
/*!40101 SET CHARACTER_SET_RESULTS=@OLD_CHARACTER_SET_RESULTS */;
/*!40101 SET COLLATION_CONNECTION=@OLD_COLLATION_CONNECTION */;
